,Year,NOC,Participants,Event_count,Bronze,Silver,Gold,Total Medals,host,Total_Strength,Excellent_Athletes_Count,Consecutive_Medals_Count,Consecutive_Gold_Count,Total_Event
0,2000,AHO,7,8,0.0,0.0,0.0,0.0,1,0.8,0,0,0,300
1,2000,ALB,4,5,0.0,0.0,0.0,0.0,1,0.5,0,0,0,300
2,2000,ALG,47,42,3.0,1.0,1.0,5.0,1,15.0,5,0,0,300
3,2000,AND,5,5,0.0,0.0,0.0,0.0,1,0.5,0,0,0,300
4,2000,ANG,30,7,0.0,0.0,0.0,0.0,1,3.0,0,0,0,300
5,2000,ANT,3,4,0.0,0.0,0.0,0.0,1,0.4,0,0,0,300
6,2000,ARG,142,98,2.0,2.0,0.0,4.0,1,69.9,20,1,0,300
7,2000,ARM,25,26,1.0,0.0,0.0,1.0,1,3.5,1,0,0,300
8,2000,ARU,5,5,0.0,0.0,0.0,0.0,1,0.5,0,0,0,300
9,2000,ASA,4,4,0.0,0.0,0.0,0.0,1,0.4,0,0,0,300
10,2000,AUS,617,270,17.0,25.0,16.0,58.0,1,583.7,183,0,0,300
11,2000,AUT,92,68,0.0,1.0,2.0,3.0,1,27.6,4,0,0,300
12,2000,AZE,31,32,1.0,0.0,2.0,3.0,1,13.1,3,0,0,300
13,2000,BAH,25,18,1.0,0.0,2.0,3.0,1,35.4,11,0,0,300
14,2000,BAN,5,6,0.0,0.0,0.0,0.0,1,0.6000000000000001,0,0,0,300
15,2000,BAR,18,21,1.0,0.0,0.0,1.0,1,3.7,1,0,0,300
16,2000,BDI,6,5,0.0,0.0,0.0,0.0,1,0.6000000000000001,0,0,0,300
17,2000,BEL,68,64,3.0,2.0,0.0,5.0,1,21.1,7,0,0,300
18,2000,BEN,4,4,0.0,0.0,0.0,0.0,1,0.4,0,0,0,300
19,2000,BER,6,6,0.0,0.0,0.0,0.0,1,0.7000000000000001,0,0,0,300
20,2000,BHU,2,2,0.0,0.0,0.0,0.0,1,0.2,0,0,0,300
21,2000,BIH,9,10,0.0,0.0,0.0,0.0,1,1.1,0,0,0,300
22,2000,BIZ,2,2,0.0,0.0,0.0,0.0,1,0.2,0,0,0,300
23,2000,BLR,139,109,11.0,3.0,3.0,17.0,1,68.10000000000001,22,0,0,300
24,2000,BOL,5,5,0.0,0.0,0.0,0.0,1,0.5,0,0,0,300
25,2000,BOT,7,5,0.0,0.0,0.0,0.0,1,0.9,0,0,0,300
26,2000,BRA,196,96,6.0,6.0,0.0,12.0,1,88.4,48,0,0,300
27,2000,BRN,4,4,0.0,0.0,0.0,0.0,1,0.4,0,0,0,300
28,2000,BRU,2,2,0.0,0.0,0.0,0.0,1,0.2,0,0,0,300
29,2000,BUL,91,85,2.0,6.0,5.0,13.0,1,55.5,13,0,0,300
30,2000,BUR,4,4,0.0,0.0,0.0,0.0,1,0.4,0,0,0,300
31,2000,CAF,3,3,0.0,0.0,0.0,0.0,1,0.30000000000000004,0,0,0,300
32,2000,CAM,4,4,0.0,0.0,0.0,0.0,1,0.4,0,0,0,300
33,2000,CAN,294,175,8.0,3.0,3.0,14.0,1,91.7,31,0,0,300
34,2000,CAY,3,4,0.0,0.0,0.0,0.0,1,0.4,0,0,0,300
35,2000,CGO,5,5,0.0,0.0,0.0,0.0,1,0.5,0,0,0,300
36,2000,CHA,2,3,0.0,0.0,0.0,0.0,1,0.30000000000000004,0,0,0,300
37,2000,CHI,50,28,1.0,0.0,0.0,1.0,1,21.1,17,0,0,300
38,2000,CHN,266,163,14.0,16.0,28.0,58.0,1,294.3,79,0,0,300
39,2000,CIV,14,12,0.0,0.0,0.0,0.0,1,1.8,0,0,0,300
40,2000,CMR,34,14,0.0,0.0,1.0,1.0,1,84.89999999999999,18,0,0,300
41,2000,COD,2,3,0.0,0.0,0.0,0.0,1,0.30000000000000004,0,0,0,300
42,2000,COK,2,2,0.0,0.0,0.0,0.0,1,0.2,0,0,0,300
43,2000,COL,44,45,0.0,0.0,1.0,1.0,1,9.9,1,0,0,300
44,2000,COM,2,2,0.0,0.0,0.0,0.0,1,0.2,0,0,0,300
45,2000,CPV,2,2,0.0,0.0,0.0,0.0,1,0.2,0,0,0,300
46,2000,CRC,7,9,2.0,0.0,0.0,2.0,1,2.7,2,0,0,300
47,2000,CRO,88,53,1.0,0.0,1.0,2.0,1,23.4,10,0,0,300
48,2000,CUB,229,135,7.0,11.0,11.0,29.0,1,213.4,65,0,0,300
49,2000,CYP,22,20,0.0,0.0,0.0,0.0,1,2.4000000000000004,0,0,0,300
50,2000,CZE,119,96,3.0,3.0,2.0,8.0,1,36.9,9,0,0,300
51,2000,DEN,97,55,1.0,3.0,2.0,6.0,1,105.1,25,0,0,300
52,2000,DJI,2,2,0.0,0.0,0.0,0.0,1,0.2,0,0,0,300
53,2000,DMA,4,4,0.0,0.0,0.0,0.0,1,0.4,0,0,0,300
54,2000,DOM,12,13,0.0,0.0,0.0,0.0,1,1.3,0,0,0,300
55,2000,ECU,10,11,0.0,0.0,0.0,0.0,1,1.1,0,0,0,300
56,2000,EGY,88,64,0.0,0.0,0.0,0.0,1,10.4,1,0,0,300
57,2000,ERI,3,3,0.0,0.0,0.0,0.0,1,0.30000000000000004,0,0,0,300
58,2000,ESA,8,10,0.0,0.0,0.0,0.0,1,1.0,0,0,0,300
59,2000,ESP,316,165,5.0,3.0,3.0,11.0,1,125.9,42,0,0,300
60,2000,EST,33,29,2.0,0.0,1.0,3.0,1,10.4,3,0,0,300
61,2000,ETH,26,11,3.0,1.0,4.0,8.0,1,26.099999999999998,8,0,0,300
62,2000,FIJ,7,9,0.0,0.0,0.0,0.0,1,0.9,0,0,0,300
63,2000,FIN,70,64,1.0,1.0,2.0,4.0,1,25.9,5,0,0,300
64,2000,FRA,336,196,11.0,14.0,13.0,38.0,1,239.6,66,0,0,300
65,2000,FSM,5,5,0.0,0.0,0.0,0.0,1,0.5,0,0,0,300
66,2000,GAB,5,6,0.0,0.0,0.0,0.0,1,0.6000000000000001,0,0,0,300
67,2000,GAM,2,2,0.0,0.0,0.0,0.0,1,0.2,0,0,0,300
68,2000,GBR,309,179,7.0,10.0,11.0,28.0,1,205.3,54,0,0,300
69,2000,GBS,3,3,0.0,0.0,0.0,0.0,1,0.30000000000000004,0,0,0,300
70,2000,GEO,36,41,6.0,0.0,0.0,6.0,1,10.1,6,0,0,300
71,2000,GEQ,4,4,0.0,0.0,0.0,0.0,1,0.4,0,0,0,300
72,2000,GER,422,234,26.0,17.0,13.0,56.0,1,315.9,118,0,0,300
73,2000,GHA,22,13,0.0,0.0,0.0,0.0,1,2.8000000000000003,0,0,0,300
74,2000,GRE,140,114,3.0,6.0,4.0,13.0,1,58.9,18,0,0,300
75,2000,GRN,3,3,0.0,0.0,0.0,0.0,1,0.30000000000000004,0,0,0,300
76,2000,GUA,15,14,0.0,0.0,0.0,0.0,1,1.8,0,0,0,300
77,2000,GUI,6,6,0.0,0.0,0.0,0.0,1,0.6000000000000001,0,0,0,300
78,2000,GUM,7,7,0.0,0.0,0.0,0.0,1,0.7000000000000001,0,0,0,300
79,2000,GUY,4,4,0.0,0.0,0.0,0.0,1,0.4,0,0,0,300
80,2000,HAI,5,5,0.0,0.0,0.0,0.0,1,0.5,0,0,0,300
81,2000,HKG,31,34,0.0,0.0,0.0,0.0,1,4.6000000000000005,0,0,0,300
82,2000,HON,20,4,0.0,0.0,0.0,0.0,1,2.0,0,0,0,300
83,2000,HUN,178,137,3.0,6.0,8.0,17.0,1,204.7,53,0,0,300
84,2000,INA,47,32,2.0,3.0,1.0,6.0,1,27.0,8,0,0,300
85,2000,IND,65,38,1.0,0.0,0.0,1.0,1,7.9,1,0,0,300
86,2000,IOA,4,4,0.0,0.0,0.0,0.0,1,0.4,0,0,0,300
87,2000,IRI,33,33,1.0,0.0,3.0,4.0,1,17.8,4,0,0,300
88,2000,IRL,64,52,0.0,1.0,0.0,1.0,1,10.3,1,0,0,300
89,2000,IRQ,4,4,0.0,0.0,0.0,0.0,1,0.4,0,0,0,300
90,2000,ISL,18,28,1.0,0.0,0.0,1.0,1,3.8000000000000003,1,0,0,300
91,2000,ISR,39,43,1.0,0.0,0.0,1.0,1,6.7,1,0,0,300
92,2000,ISV,9,12,0.0,0.0,0.0,0.0,1,1.2000000000000002,0,0,0,300
93,2000,ITA,361,175,13.0,8.0,13.0,34.0,1,208.7,66,0,0,300
94,2000,IVB,1,1,0.0,0.0,0.0,0.0,1,0.1,0,0,0,300
95,2000,JAM,48,28,3.0,6.0,0.0,9.0,1,63.2,23,0,0,300
96,2000,JOR,8,8,0.0,0.0,0.0,0.0,1,0.8,0,0,0,300
97,2000,JPN,266,156,5.0,8.0,5.0,18.0,1,149.70000000000002,44,0,0,300
98,2000,KAZ,130,104,0.0,4.0,3.0,7.0,1,40.1,7,0,0,300
99,2000,KEN,56,24,2.0,3.0,2.0,7.0,1,24.8,7,0,0,300
100,2000,KGZ,48,59,1.0,0.0,0.0,1.0,1,8.0,1,0,0,300
101,2000,KOR,279,144,10.0,10.0,8.0,28.0,1,191.6,73,0,0,300
102,2000,KSA,18,14,1.0,1.0,0.0,2.0,1,5.9,2,0,0,300
103,2000,KUW,29,10,1.0,0.0,0.0,1.0,1,3.9000000000000004,1,0,0,300
104,2000,LAO,3,3,0.0,0.0,0.0,0.0,1,0.30000000000000004,0,0,0,300
105,2000,LAT,45,47,1.0,1.0,1.0,3.0,1,14.1,3,0,0,300
106,2000,LBA,3,3,0.0,0.0,0.0,0.0,1,0.30000000000000004,0,0,0,300
107,2000,LBR,8,7,0.0,0.0,0.0,0.0,1,1.0,0,0,0,300
108,2000,LCA,5,5,0.0,0.0,0.0,0.0,1,0.5,0,0,0,300
109,2000,LES,6,6,0.0,0.0,0.0,0.0,1,0.6000000000000001,0,0,0,300
110,2000,LIB,6,6,0.0,0.0,0.0,0.0,1,0.6000000000000001,0,0,0,300
111,2000,LIE,2,2,0.0,0.0,0.0,0.0,1,0.2,0,0,0,300
112,2000,LTU,61,50,3.0,0.0,2.0,5.0,1,30.2,17,0,0,300
113,2000,LUX,7,8,0.0,0.0,0.0,0.0,1,0.9,0,0,0,300
114,2000,MAD,11,10,0.0,0.0,0.0,0.0,1,1.3,0,0,0,300
115,2000,MAR,55,28,4.0,1.0,0.0,5.0,1,11.8,5,0,0,300
116,2000,MAS,40,32,0.0,0.0,0.0,0.0,1,5.5,0,0,0,300
117,2000,MAW,2,2,0.0,0.0,0.0,0.0,1,0.2,0,0,0,300
118,2000,MDA,34,34,1.0,1.0,0.0,2.0,1,7.1000000000000005,2,0,0,300
119,2000,MDV,4,4,0.0,0.0,0.0,0.0,1,0.4,0,0,0,300
120,2000,MEX,78,67,3.0,2.0,1.0,6.0,1,22.400000000000002,6,0,0,300
121,2000,MGL,20,21,0.0,0.0,0.0,0.0,1,2.3000000000000003,0,0,0,300
122,2000,MKD,10,15,1.0,0.0,0.0,1.0,1,2.4,1,0,0,300
123,2000,MLI,5,5,0.0,0.0,0.0,0.0,1,0.5,0,0,0,300
124,2000,MLT,7,7,0.0,0.0,0.0,0.0,1,0.7000000000000001,0,0,0,300
125,2000,MON,4,4,0.0,0.0,0.0,0.0,1,0.4,0,0,0,300
126,2000,MOZ,4,4,0.0,0.0,1.0,1.0,1,4.8999999999999995,1,0,0,300
127,2000,MRI,20,20,0.0,0.0,0.0,0.0,1,2.6,0,0,0,300
128,2000,MTN,2,2,0.0,0.0,0.0,0.0,1,0.2,0,0,0,300
129,2000,MYA,6,7,0.0,0.0,0.0,0.0,1,0.7000000000000001,0,0,0,300
130,2000,NAM,11,16,0.0,0.0,0.0,0.0,1,1.6,0,0,0,300
131,2000,NCA,6,6,0.0,0.0,0.0,0.0,1,0.6000000000000001,0,0,0,300
132,2000,NED,231,95,4.0,9.0,12.0,25.0,1,249.0,79,0,0,300
133,2000,NEP,5,5,0.0,0.0,0.0,0.0,1,0.5,0,0,0,300
134,2000,NGR,83,37,0.0,2.0,1.0,3.0,1,42.4,8,0,0,300
135,2000,NIG,4,4,0.0,0.0,0.0,0.0,1,0.4,0,0,0,300
136,2000,NOR,93,54,3.0,3.0,4.0,10.0,1,129.4,43,0,0,300
137,2000,NRU,2,2,0.0,0.0,0.0,0.0,1,0.2,0,0,0,300
138,2000,NZL,147,95,3.0,0.0,1.0,4.0,1,24.900000000000002,4,0,0,300
139,2000,OMA,6,5,0.0,0.0,0.0,0.0,1,0.8,0,0,0,300
140,2000,PAK,26,11,0.0,0.0,0.0,0.0,1,3.0,2,0,0,300
141,2000,PAN,6,7,0.0,0.0,0.0,0.0,1,0.7000000000000001,0,0,0,300
142,2000,PAR,5,5,0.0,0.0,0.0,0.0,1,0.5,0,0,0,300
143,2000,PER,21,12,0.0,0.0,0.0,0.0,1,2.2,0,0,0,300
144,2000,PHI,20,22,0.0,0.0,0.0,0.0,1,2.2,0,0,0,300
145,2000,PLE,2,2,0.0,0.0,0.0,0.0,1,0.2,0,0,0,300
146,2000,PLW,5,5,0.0,0.0,0.0,0.0,1,0.5,0,0,0,300
147,2000,PNG,5,5,0.0,0.0,0.0,0.0,1,0.5,0,0,0,300
148,2000,POL,187,133,3.0,5.0,6.0,14.0,1,88.8,24,0,0,300
149,2000,POR,61,50,2.0,0.0,0.0,2.0,1,8.200000000000001,2,0,0,300
150,2000,PRK,31,34,3.0,1.0,0.0,4.0,1,10.1,4,0,0,300
151,2000,PUR,29,31,0.0,0.0,0.0,0.0,1,3.8000000000000003,0,0,0,300
152,2000,QAT,17,14,1.0,0.0,0.0,1.0,1,2.8000000000000003,1,0,0,300
153,2000,ROU,145,116,9.0,6.0,11.0,26.0,1,174.6,46,0,0,300
154,2000,RSA,127,68,3.0,2.0,0.0,5.0,1,24.200000000000003,5,0,0,300
155,2000,RUS,434,238,29.0,28.0,32.0,89.0,1,586.7,187,0,0,300
156,2000,RWA,5,5,0.0,0.0,0.0,0.0,1,0.5,0,0,0,300
157,2000,SAM,5,5,0.0,0.0,0.0,0.0,1,0.5,0,0,0,300
158,2000,SCG,109,50,1.0,1.0,1.0,3.0,1,76.39999999999999,25,0,0,300
159,2000,SEN,26,15,0.0,0.0,0.0,0.0,1,3.2,0,0,0,300
160,2000,SEY,9,9,0.0,0.0,0.0,0.0,1,0.9,0,0,0,300
161,2000,SGP,14,20,0.0,0.0,0.0,0.0,1,2.3000000000000003,0,0,0,300
162,2000,SKN,2,4,0.0,0.0,0.0,0.0,1,0.4,0,0,0,300
163,2000,SLE,3,3,0.0,0.0,0.0,0.0,1,0.30000000000000004,0,0,0,300
164,2000,SLO,74,53,0.0,0.0,2.0,2.0,1,22.5,3,0,0,300
165,2000,SMR,4,4,0.0,0.0,0.0,0.0,1,0.4,0,0,0,300
166,2000,SOL,2,2,0.0,0.0,0.0,0.0,1,0.2,0,0,0,300
167,2000,SOM,2,2,0.0,0.0,0.0,0.0,1,0.2,0,0,0,300
168,2000,SRI,18,16,0.0,1.0,0.0,1.0,1,5.1000000000000005,1,0,0,300
169,2000,STP,2,2,0.0,0.0,0.0,0.0,1,0.2,0,0,0,300
170,2000,SUD,3,3,0.0,0.0,0.0,0.0,1,0.30000000000000004,0,0,0,300
171,2000,SUI,102,82,2.0,6.0,1.0,9.0,1,49.800000000000004,14,0,0,300
172,2000,SUR,4,5,0.0,0.0,0.0,0.0,1,0.5,0,0,0,300
173,2000,SVK,108,63,1.0,3.0,1.0,5.0,1,31.2,6,0,0,300
174,2000,SWE,150,92,3.0,5.0,4.0,12.0,1,99.0,32,0,0,300
175,2000,SWZ,6,6,0.0,0.0,0.0,0.0,1,0.6000000000000001,0,0,0,300
176,2000,SYR,8,7,0.0,0.0,0.0,0.0,1,0.8,0,0,0,300
177,2000,TAN,4,2,0.0,0.0,0.0,0.0,1,0.4,0,0,0,300
178,2000,TGA,3,3,0.0,0.0,0.0,0.0,1,0.30000000000000004,0,0,0,300
179,2000,THA,52,51,2.0,0.0,1.0,3.0,1,13.1,3,0,0,300
180,2000,TJK,4,4,0.0,0.0,0.0,0.0,1,0.4,0,0,0,300
181,2000,TKM,8,8,0.0,0.0,0.0,0.0,1,0.8,0,0,0,300
182,2000,TOG,3,3,0.0,0.0,0.0,0.0,1,0.30000000000000004,0,0,0,300
183,2000,TPE,55,59,4.0,1.0,0.0,5.0,1,13.8,5,0,0,300
184,2000,TTO,19,18,1.0,1.0,0.0,2.0,1,6.5,2,0,0,300
185,2000,TUN,47,34,0.0,0.0,0.0,0.0,1,4.7,0,0,0,300
186,2000,TUR,57,58,2.0,0.0,3.0,5.0,1,22.0,5,0,0,300
187,2000,UAE,4,5,0.0,0.0,0.0,0.0,1,0.5,0,0,0,300
188,2000,UGA,13,13,0.0,0.0,0.0,0.0,1,1.3,0,0,0,300
189,2000,UKR,230,185,10.0,10.0,3.0,23.0,1,115.10000000000001,35,0,0,300
190,2000,URU,15,16,0.0,1.0,0.0,1.0,1,4.4,1,0,0,300
191,2000,USA,586,265,31.0,24.0,36.0,91.0,1,872.0,242,0,0,300
192,2000,UZB,70,69,2.0,1.0,1.0,4.0,1,17.5,4,0,0,300
193,2000,VAN,3,3,0.0,0.0,0.0,0.0,1,0.30000000000000004,0,0,0,300
194,2000,VEN,50,49,0.0,0.0,0.0,0.0,1,6.5,0,0,0,300
195,2000,VIE,7,7,0.0,1.0,0.0,1.0,1,3.4000000000000004,1,0,0,300
196,2000,VIN,4,4,0.0,0.0,0.0,0.0,1,0.4,0,0,0,300
197,2000,YEM,2,2,0.0,0.0,0.0,0.0,1,0.2,0,0,0,300
198,2000,ZAM,8,8,0.0,0.0,0.0,0.0,1,0.8,0,0,0,300
199,2000,ZIM,16,19,0.0,0.0,0.0,0.0,1,2.6,0,0,0,300
200,2004,AFG,5,5,0.0,0.0,0.0,0.0,0,0.5,0,0,0,301
201,2004,AHO,3,3,0.0,0.0,0.0,0.0,0,0.4,1,0,0,301
202,2004,ALB,7,7,0.0,0.0,0.0,0.0,0,0.7000000000000001,0,0,0,301
203,2004,ALG,61,57,0.0,0.0,0.0,0.0,0,11.15,18,0,0,301
204,2004,AND,6,6,0.0,0.0,0.0,0.0,0,0.8,2,0,0,301
205,2004,ANG,30,5,0.0,0.0,0.0,0.0,0,4.3,13,0,0,301
206,2004,ANT,5,5,0.0,0.0,0.0,0.0,0,0.6000000000000001,1,0,0,301
207,2004,ARG,151,86,4.0,0.0,2.0,6.0,0,197.62,103,11,0,301
208,2004,ARM,18,19,0.0,0.0,0.0,0.0,0,2.4000000000000004,5,0,0,301
209,2004,ARU,4,4,0.0,0.0,0.0,0.0,0,0.5,1,0,0,301
210,2004,ASA,3,3,0.0,0.0,0.0,0.0,0,0.5,2,0,0,301
211,2004,AUS,470,219,17.0,16.0,17.0,50.0,0,593.35,304,37,2,301
212,2004,AUT,74,56,1.0,4.0,2.0,7.0,0,35.45,36,2,2,301
213,2004,AZE,36,36,4.0,0.0,1.0,5.0,0,14.5,11,1,0,301
214,2004,BAH,22,18,1.0,0.0,1.0,2.0,0,12.15,17,0,0,301
215,2004,BAN,4,4,0.0,0.0,0.0,0.0,0,0.4,0,0,0,301
216,2004,BAR,10,15,0.0,0.0,0.0,0.0,0,2.45,5,0,0,301
217,2004,BDI,7,5,0.0,0.0,0.0,0.0,0,0.9,2,0,0,301
218,2004,BEL,50,41,2.0,0.0,1.0,3.0,0,16.55,21,0,0,301
219,2004,BEN,4,4,0.0,0.0,0.0,0.0,0,0.4,0,0,0,301
220,2004,BER,10,7,0.0,0.0,0.0,0.0,0,1.0,0,0,0,301
221,2004,BHU,2,2,0.0,0.0,0.0,0.0,0,0.30000000000000004,1,0,0,301
222,2004,BIH,9,11,0.0,0.0,0.0,0.0,0,1.5,4,0,0,301
223,2004,BIZ,2,2,0.0,0.0,0.0,0.0,0,0.2,0,0,0,301
224,2004,BLR,151,121,6.0,5.0,2.0,13.0,0,62.7,61,2,0,301
225,2004,BOL,7,11,0.0,0.0,0.0,0.0,0,1.3,2,0,0,301
226,2004,BOT,11,8,0.0,0.0,0.0,0.0,0,1.5,3,0,0,301
227,2004,BRA,241,133,3.0,2.0,5.0,10.0,0,158.35,116,4,0,301
228,2004,BRN,10,10,0.0,0.0,0.0,0.0,0,1.0,0,0,0,301
229,2004,BRU,1,1,0.0,0.0,0.0,0.0,0,0.1,0,0,0,301
230,2004,BUL,95,94,9.0,1.0,2.0,12.0,0,44.9,49,4,1,301
231,2004,BUR,5,5,0.0,0.0,0.0,0.0,0,0.6000000000000001,1,0,0,301
232,2004,CAF,4,4,0.0,0.0,0.0,0.0,0,0.5,1,0,0,301
233,2004,CAM,4,4,0.0,0.0,0.0,0.0,0,0.5,1,0,0,301
234,2004,CAN,262,151,3.0,6.0,3.0,12.0,0,102.45,111,3,0,301
235,2004,CAY,5,8,0.0,0.0,0.0,0.0,0,1.0,2,0,0,301
236,2004,CGO,5,5,0.0,0.0,0.0,0.0,0,0.5,0,0,0,301
237,2004,CHA,1,1,0.0,0.0,0.0,0.0,0,0.2,1,0,0,301
238,2004,CHI,22,25,1.0,0.0,2.0,3.0,0,13.5,9,0,0,301
239,2004,CHN,372,204,14.0,17.0,32.0,63.0,0,402.05,182,16,4,301
240,2004,CIV,5,5,0.0,0.0,0.0,0.0,0,0.5,0,0,0,301
241,2004,CMR,17,15,0.0,0.0,1.0,1.0,0,4.45,3,0,0,301
242,2004,COD,4,4,0.0,0.0,0.0,0.0,0,0.6000000000000001,0,0,0,301
243,2004,COK,3,3,0.0,0.0,0.0,0.0,0,0.30000000000000004,0,0,0,301
244,2004,COL,53,59,2.0,0.0,0.0,2.0,0,10.25,19,0,0,301
245,2004,COM,3,3,0.0,0.0,0.0,0.0,0,0.4,1,0,0,301
246,2004,CPV,3,3,0.0,0.0,0.0,0.0,0,0.4,1,0,0,301
247,2004,CRC,20,8,0.0,0.0,0.0,0.0,0,3.3000000000000003,3,0,0,301
248,2004,CRO,81,57,2.0,2.0,1.0,5.0,0,91.05,52,0,0,301
249,2004,CUB,151,108,11.0,7.0,9.0,27.0,0,220.4,102,11,2,301
250,2004,CYP,20,20,0.0,0.0,0.0,0.0,0,2.6,5,0,0,301
251,2004,CZE,142,104,5.0,3.0,1.0,9.0,0,52.300000000000004,64,1,0,301
252,2004,DEN,92,59,5.0,1.0,2.0,8.0,0,117.25,60,9,6,301
253,2004,DMA,2,2,0.0,0.0,0.0,0.0,0,0.2,0,0,0,301
254,2004,DOM,33,22,0.0,0.0,1.0,1.0,0,5.95,4,0,0,301
255,2004,ECU,16,15,0.0,0.0,0.0,0.0,0,2.3000000000000003,5,0,0,301
256,2004,EGY,96,48,3.0,1.0,1.0,5.0,0,22.400000000000002,25,0,0,301
257,2004,ERI,4,3,1.0,0.0,0.0,1.0,0,1.6,3,0,0,301
258,2004,ESA,7,9,0.0,0.0,0.0,0.0,0,0.9,0,0,0,301
259,2004,ESP,313,155,6.0,11.0,3.0,20.0,0,125.75,154,2,1,301
260,2004,EST,42,34,2.0,1.0,0.0,3.0,0,12.200000000000001,14,1,0,301
261,2004,ETH,26,12,2.0,3.0,2.0,7.0,0,26.95,10,1,0,301
262,2004,FIJ,8,9,0.0,0.0,0.0,0.0,0,1.1,2,0,0,301
263,2004,FIN,53,53,0.0,2.0,0.0,2.0,0,18.400000000000002,28,1,0,301
264,2004,FRA,308,193,13.0,9.0,11.0,33.0,0,209.65,169,10,1,301
265,2004,FSM,5,5,0.0,0.0,0.0,0.0,0,0.5,0,0,0,301
266,2004,GAB,5,5,0.0,0.0,0.0,0.0,0,0.6000000000000001,1,0,0,301
267,2004,GAM,2,3,0.0,0.0,0.0,0.0,0,0.4,1,0,0,301
268,2004,GBR,264,162,12.0,9.0,9.0,30.0,0,210.05,138,11,2,301
269,2004,GBS,3,3,0.0,0.0,0.0,0.0,0,0.4,1,0,0,301
270,2004,GEO,32,38,0.0,2.0,2.0,4.0,0,19.3,21,1,0,301
271,2004,GEQ,2,2,0.0,0.0,0.0,0.0,0,0.2,0,0,0,301
272,2004,GER,441,228,20.0,16.0,13.0,49.0,0,433.35,281,31,6,301
273,2004,GHA,26,9,0.0,0.0,0.0,0.0,0,3.5,6,0,0,301
274,2004,GRE,426,215,4.0,6.0,6.0,16.0,0,152.4,102,4,0,301
275,2004,GRN,5,5,0.0,0.0,0.0,0.0,0,0.6000000000000001,1,0,0,301
276,2004,GUA,18,17,0.0,0.0,0.0,0.0,0,2.2,3,0,0,301
277,2004,GUI,3,4,0.0,0.0,0.0,0.0,0,0.4,0,0,0,301
278,2004,GUM,4,4,0.0,0.0,0.0,0.0,0,0.5,1,0,0,301
279,2004,GUY,4,4,0.0,0.0,0.0,0.0,0,0.5,1,0,0,301
280,2004,HAI,8,8,0.0,0.0,0.0,0.0,0,1.1,3,0,0,301
281,2004,HKG,32,29,0.0,1.0,0.0,1.0,0,11.000000000000002,16,0,0,301
282,2004,HON,5,5,0.0,0.0,0.0,0.0,0,0.5,0,0,0,301
283,2004,HUN,208,138,3.0,6.0,8.0,17.0,0,194.9,103,19,14,301
284,2004,INA,38,27,2.0,1.0,1.0,4.0,0,11.350000000000001,9,0,0,301
285,2004,IND,73,43,0.0,1.0,0.0,1.0,0,12.4,17,0,0,301
286,2004,IRI,37,35,2.0,2.0,2.0,6.0,0,20.05,9,2,1,301
287,2004,IRL,46,31,0.0,0.0,0.0,0.0,0,8.35,15,0,0,301
288,2004,IRQ,23,8,0.0,0.0,0.0,0.0,0,2.5,1,0,0,301
289,2004,ISL,26,20,0.0,0.0,0.0,0.0,0,4.6000000000000005,12,0,0,301
290,2004,ISR,36,41,1.0,0.0,1.0,2.0,0,11.0,11,0,0,301
291,2004,ISV,6,9,0.0,0.0,0.0,0.0,0,1.2000000000000002,3,0,0,301
292,2004,ITA,364,175,11.0,11.0,10.0,32.0,0,316.90000000000003,216,14,1,301
293,2004,IVB,1,1,0.0,0.0,0.0,0.0,0,0.1,0,0,0,301
294,2004,JAM,47,27,2.0,1.0,2.0,5.0,0,48.4,25,5,0,301
295,2004,JOR,8,8,0.0,0.0,0.0,0.0,0,0.9,1,0,0,301
296,2004,JPN,305,169,12.0,9.0,16.0,37.0,0,249.85,159,14,2,301
297,2004,KAZ,114,95,3.0,4.0,1.0,8.0,0,37.85,52,0,0,301
298,2004,KEN,46,16,2.0,4.0,1.0,7.0,0,24.150000000000002,17,1,0,301
299,2004,KGZ,29,32,0.0,0.0,0.0,0.0,0,3.9000000000000004,7,0,0,301
300,2004,KIR,3,3,0.0,0.0,0.0,0.0,0,0.30000000000000004,0,0,0,301
301,2004,KOR,260,149,9.0,12.0,9.0,30.0,0,189.45000000000002,120,6,2,301
302,2004,KSA,16,12,0.0,0.0,0.0,0.0,0,3.75,8,0,0,301
303,2004,KUW,11,9,0.0,0.0,0.0,0.0,0,2.0500000000000003,5,0,0,301
304,2004,LAO,5,5,0.0,0.0,0.0,0.0,0,0.5,0,0,0,301
305,2004,LAT,32,37,0.0,4.0,0.0,4.0,0,19.05,26,0,0,301
306,2004,LBA,8,8,0.0,0.0,0.0,0.0,0,0.8,0,0,0,301
307,2004,LBR,2,2,0.0,0.0,0.0,0.0,0,0.2,0,0,0,301
308,2004,LCA,2,2,0.0,0.0,0.0,0.0,0,0.2,0,0,0,301
309,2004,LES,3,3,0.0,0.0,0.0,0.0,0,0.30000000000000004,0,0,0,301
310,2004,LIB,5,5,0.0,0.0,0.0,0.0,0,0.6000000000000001,1,0,0,301
311,2004,LIE,1,1,0.0,0.0,0.0,0.0,0,0.2,1,0,0,301
312,2004,LTU,59,44,0.0,2.0,1.0,3.0,0,22.400000000000002,28,1,1,301
313,2004,LUX,10,10,0.0,0.0,0.0,0.0,0,1.8,4,0,0,301
314,2004,MAD,8,8,0.0,0.0,0.0,0.0,0,1.2000000000000002,4,0,0,301
315,2004,MAR,55,28,0.0,1.0,2.0,3.0,0,18.25,14,1,0,301
316,2004,MAS,26,31,0.0,0.0,0.0,0.0,0,5.0,12,0,0,301
317,2004,MAW,4,4,0.0,0.0,0.0,0.0,0,0.5,1,0,0,301
318,2004,MDA,33,31,0.0,0.0,0.0,0.0,0,6.300000000000001,12,0,0,301
319,2004,MDV,4,4,0.0,0.0,0.0,0.0,0,0.5,1,0,0,301
320,2004,MEX,109,68,1.0,3.0,0.0,4.0,0,25.25,23,0,0,301
321,2004,MGL,20,21,1.0,0.0,0.0,1.0,0,3.3000000000000003,4,0,0,301
322,2004,MKD,10,14,0.0,0.0,0.0,0.0,0,2.85,10,0,0,301
323,2004,MLI,21,6,0.0,0.0,0.0,0.0,0,2.2,1,0,0,301
324,2004,MLT,7,7,0.0,0.0,0.0,0.0,0,0.9,2,0,0,301
325,2004,MON,3,3,0.0,0.0,0.0,0.0,0,0.4,1,0,0,301
326,2004,MOZ,4,4,0.0,0.0,0.0,0.0,0,2.75,1,0,0,301
327,2004,MRI,9,9,0.0,0.0,0.0,0.0,0,1.2000000000000002,3,0,0,301
328,2004,MTN,2,2,0.0,0.0,0.0,0.0,0,0.2,0,0,0,301
329,2004,MYA,2,2,0.0,0.0,0.0,0.0,0,0.2,0,0,0,301
330,2004,NAM,8,9,0.0,0.0,0.0,0.0,0,1.3,3,0,0,301
331,2004,NCA,5,6,0.0,0.0,0.0,0.0,0,0.6000000000000001,0,0,0,301
332,2004,NED,210,99,9.0,9.0,4.0,22.0,0,234.8,129,24,4,301
333,2004,NEP,6,6,0.0,0.0,0.0,0.0,0,0.6000000000000001,0,0,0,301
334,2004,NGR,70,31,2.0,0.0,0.0,2.0,0,18.8,24,1,0,301
335,2004,NIG,4,4,0.0,0.0,0.0,0.0,0,0.4,0,0,0,301
336,2004,NOR,52,35,1.0,0.0,5.0,6.0,0,31.15,26,0,0,301
337,2004,NRU,3,3,0.0,0.0,0.0,0.0,0,0.30000000000000004,0,0,0,301
338,2004,NZL,148,84,0.0,2.0,3.0,5.0,0,41.65,43,0,0,301
339,2004,OMA,2,2,0.0,0.0,0.0,0.0,0,0.2,0,0,0,301
340,2004,PAK,26,11,0.0,0.0,0.0,0.0,0,3.5,8,0,0,301
341,2004,PAN,4,5,0.0,0.0,0.0,0.0,0,0.7000000000000001,2,0,0,301
342,2004,PAR,21,6,0.0,1.0,0.0,1.0,0,49.1,17,1,0,301
343,2004,PER,12,14,0.0,0.0,0.0,0.0,0,1.6,2,0,0,301
344,2004,PHI,16,21,0.0,0.0,0.0,0.0,0,2.4000000000000004,3,0,0,301
345,2004,PLE,3,3,0.0,0.0,0.0,0.0,0,0.30000000000000004,0,0,0,301
346,2004,PLW,4,4,0.0,0.0,0.0,0.0,0,0.4,0,0,0,301
347,2004,PNG,4,6,0.0,0.0,0.0,0.0,0,0.7000000000000001,1,0,0,301
348,2004,POL,194,124,5.0,2.0,3.0,10.0,0,69.25,61,6,3,301
349,2004,POR,80,63,1.0,2.0,0.0,3.0,0,18.85,30,0,0,301
350,2004,PRK,36,34,1.0,4.0,0.0,5.0,0,20.3,10,1,0,301
351,2004,PUR,43,38,0.0,0.0,0.0,0.0,0,5.9,7,0,0,301
352,2004,QAT,15,14,0.0,0.0,0.0,0.0,0,2.35,4,0,0,301
353,2004,ROU,108,88,6.0,5.0,8.0,19.0,0,165.8,100,10,9,301
354,2004,RSA,106,68,2.0,3.0,1.0,6.0,0,42.8,34,1,0,301
355,2004,RUS,445,235,36.0,26.0,28.0,90.0,0,604.25,315,59,9,301
356,2004,RWA,5,5,0.0,0.0,0.0,0.0,0,0.7000000000000001,2,0,0,301
357,2004,SAM,3,3,0.0,0.0,0.0,0.0,0,0.30000000000000004,0,0,0,301
358,2004,SCG,85,39,0.0,2.0,0.0,2.0,0,64.55000000000001,37,8,0,301
359,2004,SEN,15,17,0.0,0.0,0.0,0.0,0,2.9000000000000004,8,0,0,301
360,2004,SEY,9,10,0.0,0.0,0.0,0.0,0,1.2000000000000002,2,0,0,301
361,2004,SGP,16,16,0.0,0.0,0.0,0.0,0,3.3000000000000003,11,0,0,301
362,2004,SKN,2,2,0.0,0.0,0.0,0.0,0,0.30000000000000004,1,0,0,301
363,2004,SLE,2,2,0.0,0.0,0.0,0.0,0,0.2,0,0,0,301
364,2004,SLO,79,66,3.0,1.0,0.0,4.0,0,27.650000000000002,37,2,0,301
365,2004,SMR,5,5,0.0,0.0,0.0,0.0,0,0.7000000000000001,2,0,0,301
366,2004,SOL,2,2,0.0,0.0,0.0,0.0,0,0.30000000000000004,1,0,0,301
367,2004,SOM,2,2,0.0,0.0,0.0,0.0,0,0.2,0,0,0,301
368,2004,SRI,7,8,0.0,0.0,0.0,0.0,0,1.1,3,0,0,301
369,2004,STP,2,2,0.0,0.0,0.0,0.0,0,0.2,0,0,0,301
370,2004,SUD,4,4,0.0,0.0,0.0,0.0,0,0.5,1,0,0,301
371,2004,SUI,98,83,3.0,1.0,1.0,5.0,0,32.5,39,0,0,301
372,2004,SUR,4,4,0.0,0.0,0.0,0.0,0,0.5,1,0,0,301
373,2004,SVK,64,59,2.0,2.0,2.0,6.0,0,37.0,37,3,2,301
374,2004,SWE,114,79,1.0,2.0,4.0,7.0,0,63.150000000000006,72,2,0,301
375,2004,SWZ,3,3,0.0,0.0,0.0,0.0,0,0.4,1,0,0,301
376,2004,SYR,6,6,1.0,0.0,0.0,1.0,0,1.5,1,0,0,301
377,2004,TAN,8,6,0.0,0.0,0.0,0.0,0,1.0,1,0,0,301
378,2004,TGA,5,5,0.0,0.0,0.0,0.0,0,0.5,0,0,0,301
379,2004,THA,42,46,4.0,1.0,3.0,8.0,0,27.55,30,0,0,301
380,2004,TJK,9,9,0.0,0.0,0.0,0.0,0,1.0,1,0,0,301
381,2004,TKM,9,10,0.0,0.0,0.0,0.0,0,1.2000000000000002,2,0,0,301
382,2004,TLS,2,2,0.0,0.0,0.0,0.0,0,0.30000000000000004,1,0,0,301
383,2004,TOG,3,3,0.0,0.0,0.0,0.0,0,0.30000000000000004,0,0,0,301
384,2004,TPE,88,52,1.0,2.0,2.0,5.0,0,33.7,17,0,0,301
385,2004,TTO,19,18,1.0,0.0,0.0,1.0,0,5.4,10,0,0,301
386,2004,TUN,54,37,0.0,0.0,0.0,0.0,0,7.1000000000000005,7,0,0,301
387,2004,TUR,64,65,5.0,3.0,3.0,11.0,0,38.6,33,1,1,301
388,2004,UAE,4,5,0.0,0.0,1.0,1.0,0,3.0500000000000003,3,0,0,301
389,2004,UGA,11,10,0.0,0.0,0.0,0.0,0,1.2000000000000002,1,0,0,301
390,2004,UKR,239,175,9.0,5.0,8.0,22.0,0,136.25,144,2,2,301
391,2004,URU,15,16,0.0,0.0,0.0,0.0,0,3.5500000000000003,4,0,0,301
392,2004,USA,533,254,26.0,39.0,36.0,101.0,0,924.1,387,53,18,301
393,2004,UZB,69,71,2.0,1.0,2.0,5.0,0,23.75,22,2,0,301
394,2004,VAN,2,2,0.0,0.0,0.0,0.0,0,0.2,0,0,0,301
395,2004,VEN,48,51,2.0,0.0,0.0,2.0,0,8.15,16,0,0,301
396,2004,VIE,11,10,0.0,0.0,0.0,0.0,0,1.1,0,0,0,301
397,2004,VIN,3,3,0.0,0.0,0.0,0.0,0,0.4,1,0,0,301
398,2004,YEM,3,3,0.0,0.0,0.0,0.0,0,0.30000000000000004,0,0,0,301
399,2004,ZAM,6,6,0.0,0.0,0.0,0.0,0,0.7000000000000001,1,0,0,301
400,2004,ZIM,12,11,1.0,1.0,1.0,3.0,0,8.2,6,0,0,301
401,2008,AFG,4,4,1.0,0.0,0.0,1.0,1,1.5,3,0,0,302
402,2008,AHO,3,4,0.0,0.0,0.0,0.0,1,0.5,1,0,0,302
403,2008,ALB,11,12,0.0,0.0,0.0,0.0,1,1.6,4,0,0,302
404,2008,ALG,56,44,1.0,1.0,0.0,2.0,1,12.200000000000001,17,0,0,302
405,2008,AND,5,5,0.0,0.0,0.0,0.0,1,0.7,1,0,0,302
406,2008,ANG,32,8,0.0,0.0,0.0,0.0,1,5.2,14,0,0,302
407,2008,ANT,5,5,0.0,0.0,0.0,0.0,1,0.7000000000000001,2,0,0,302
408,2008,ARG,131,71,4.0,0.0,2.0,6.0,1,188.25,80,19,1,302
409,2008,ARM,24,24,6.0,0.0,0.0,6.0,1,7.85,8,0,0,302
410,2008,ARU,2,2,0.0,0.0,0.0,0.0,1,0.2,0,0,0,302
411,2008,ASA,4,4,0.0,0.0,0.0,0.0,1,0.4,0,0,0,302
412,2008,AUS,432,219,17.0,15.0,14.0,46.0,1,504.15000000000003,271,38,4,302
413,2008,AUT,70,62,2.0,1.0,0.0,3.0,1,29.300000000000004,34,2,2,302
414,2008,AZE,44,37,4.0,2.0,1.0,7.0,1,21.8,13,1,0,302
415,2008,BAH,25,22,1.0,1.0,0.0,2.0,1,19.8,17,1,0,302
416,2008,BAN,5,5,0.0,0.0,0.0,0.0,1,0.6000000000000001,1,0,0,302
417,2008,BAR,8,10,0.0,0.0,0.0,0.0,1,1.2000000000000002,2,0,0,302
418,2008,BDI,3,3,0.0,0.0,0.0,0.0,1,0.5,2,0,0,302
419,2008,BEL,94,55,0.0,1.0,1.0,2.0,1,25.55,21,0,0,302
420,2008,BEN,5,5,0.0,0.0,0.0,0.0,1,0.7000000000000001,2,0,0,302
421,2008,BER,6,6,0.0,0.0,0.0,0.0,1,0.7000000000000001,1,0,0,302
422,2008,BHU,2,2,0.0,0.0,0.0,0.0,1,0.30000000000000004,1,0,0,302
423,2008,BIH,5,7,0.0,0.0,0.0,0.0,1,1.4,4,0,0,302
424,2008,BIZ,4,4,0.0,0.0,0.0,0.0,1,0.5,1,0,0,302
425,2008,BLR,177,122,9.0,5.0,4.0,18.0,1,100.3,94,7,0,302
426,2008,BOL,7,7,0.0,0.0,0.0,0.0,1,0.8,1,0,0,302
427,2008,BOT,11,11,0.0,0.0,0.0,0.0,1,1.4000000000000001,3,0,0,302
428,2008,BRA,265,145,9.0,4.0,3.0,16.0,1,237.55,170,23,0,302
429,2008,BRN,14,11,0.0,0.0,0.0,0.0,1,1.9000000000000001,4,0,0,302
430,2008,BUL,70,60,3.0,1.0,1.0,5.0,1,31.150000000000002,33,3,1,302
431,2008,BUR,6,6,0.0,0.0,0.0,0.0,1,1.0,3,0,0,302
432,2008,CAF,3,3,0.0,0.0,0.0,0.0,1,0.30000000000000004,0,0,0,302
433,2008,CAM,4,4,0.0,0.0,0.0,0.0,1,0.5,1,0,0,302
434,2008,CAN,332,185,7.0,9.0,3.0,19.0,1,147.8,135,4,0,302
435,2008,CAY,4,6,0.0,0.0,0.0,0.0,1,0.9,2,0,0,302
436,2008,CGO,5,5,0.0,0.0,0.0,0.0,1,0.5,0,0,0,302
437,2008,CHA,2,2,0.0,0.0,0.0,0.0,1,0.30000000000000004,1,0,0,302
438,2008,CHI,26,26,0.0,1.0,0.0,1.0,1,12.350000000000001,12,1,0,302
439,2008,CHN,583,257,28.0,21.0,51.0,100.0,1,629.5,296,29,12,302
440,2008,CIV,21,7,0.0,0.0,0.0,0.0,1,2.5,3,0,0,302
441,2008,CMR,32,16,0.0,0.0,1.0,1.0,1,7.500000000000001,3,1,1,302
442,2008,COD,5,5,0.0,0.0,0.0,0.0,1,0.6000000000000001,1,0,0,302
443,2008,COK,4,4,0.0,0.0,0.0,0.0,1,0.5,1,0,0,302
444,2008,COL,67,74,1.0,1.0,0.0,2.0,1,14.75,27,0,0,302
445,2008,COM,3,3,0.0,0.0,0.0,0.0,1,0.30000000000000004,0,0,0,302
446,2008,CPV,2,2,0.0,0.0,0.0,0.0,1,0.30000000000000004,1,0,0,302
447,2008,CRC,8,8,0.0,0.0,0.0,0.0,1,0.9,1,0,0,302
448,2008,CRO,99,66,3.0,2.0,0.0,5.0,1,48.150000000000006,44,0,0,302
449,2008,CUB,158,102,11.0,11.0,2.0,24.0,1,173.70000000000002,83,18,0,302
450,2008,CYP,17,17,0.0,0.0,0.0,0.0,1,2.7,8,0,0,302
451,2008,CZE,134,105,0.0,3.0,3.0,6.0,1,48.9,58,4,0,302
452,2008,DEN,84,62,5.0,2.0,2.0,9.0,1,67.6,38,2,2,302
453,2008,DJI,2,2,0.0,0.0,0.0,0.0,1,0.2,0,0,0,302
454,2008,DMA,2,2,0.0,0.0,0.0,0.0,1,0.2,0,0,0,302
455,2008,DOM,24,21,0.0,1.0,1.0,2.0,1,10.85,8,0,0,302
456,2008,ECU,25,23,0.0,1.0,0.0,1.0,1,4.5,8,0,0,302
457,2008,EGY,100,68,1.0,0.0,0.0,1.0,1,17.5,26,0,0,302
458,2008,ERI,10,6,0.0,0.0,0.0,0.0,1,1.6500000000000001,1,0,0,302
459,2008,ESA,11,14,0.0,0.0,0.0,0.0,1,1.9000000000000001,5,0,0,302
460,2008,ESP,282,147,3.0,10.0,5.0,18.0,1,194.4,176,6,0,302
461,2008,EST,47,42,0.0,1.0,1.0,2.0,1,13.8,16,0,0,302
462,2008,ETH,27,10,2.0,1.0,4.0,7.0,1,32.75,10,5,1,302
463,2008,FIJ,6,6,0.0,0.0,0.0,0.0,1,1.0,3,0,0,302
464,2008,FIN,57,55,2.0,1.0,1.0,4.0,1,21.95,20,0,0,302
465,2008,FRA,309,205,18.0,16.0,7.0,41.0,1,256.75,192,11,5,302
466,2008,FSM,5,5,0.0,0.0,0.0,0.0,1,0.6000000000000001,1,0,0,302
467,2008,GAB,4,4,0.0,0.0,0.0,0.0,1,0.5,1,0,0,302
468,2008,GAM,3,3,0.0,0.0,0.0,0.0,1,0.30000000000000004,0,0,0,302
469,2008,GBR,303,185,16.0,13.0,19.0,48.0,1,280.25,158,15,5,302
470,2008,GBS,3,3,0.0,0.0,0.0,0.0,1,0.30000000000000004,0,0,0,302
471,2008,GEO,35,35,3.0,0.0,3.0,6.0,1,21.35,20,0,0,302
472,2008,GEQ,3,3,0.0,0.0,0.0,0.0,1,0.4,1,0,0,302
473,2008,GER,420,207,15.0,10.0,18.0,43.0,1,397.4,254,27,5,302
474,2008,GHA,9,9,0.0,0.0,0.0,0.0,1,1.2,2,0,0,302
475,2008,GRE,152,105,2.0,2.0,0.0,4.0,1,55.15,87,3,0,302
476,2008,GRN,9,8,0.0,0.0,0.0,0.0,1,1.1,2,0,0,302
477,2008,GUA,12,12,0.0,0.0,0.0,0.0,1,1.9000000000000001,6,0,0,302
478,2008,GUI,5,5,0.0,0.0,0.0,0.0,1,0.6000000000000001,1,0,0,302
479,2008,GUM,6,7,0.0,0.0,0.0,0.0,1,0.7000000000000001,0,0,0,302
480,2008,GUY,4,4,0.0,0.0,0.0,0.0,1,0.7,2,0,0,302
481,2008,HAI,7,7,0.0,0.0,0.0,0.0,1,1.2,3,0,0,302
482,2008,HKG,34,33,0.0,0.0,0.0,0.0,1,6.7,17,0,0,302
483,2008,HON,25,8,0.0,0.0,0.0,0.0,1,2.6,0,0,0,302
484,2008,HUN,169,126,2.0,5.0,3.0,10.0,1,172.85,108,17,12,302
485,2008,INA,24,17,3.0,1.0,1.0,5.0,1,22.95,17,0,0,302
486,2008,IND,53,48,2.0,0.0,1.0,3.0,1,13.850000000000001,22,0,0,302
487,2008,IRI,54,40,1.0,0.0,1.0,2.0,1,11.6,9,0,0,302
488,2008,IRL,55,43,2.0,1.0,0.0,3.0,1,13.0,21,0,0,302
489,2008,IRQ,4,3,0.0,0.0,0.0,0.0,1,0.4,0,0,0,302
490,2008,ISL,27,18,0.0,1.0,0.0,1.0,1,34.2,20,0,0,302
491,2008,ISR,43,47,1.0,0.0,0.0,1.0,1,9.8,20,0,0,302
492,2008,ISV,7,8,0.0,0.0,0.0,0.0,1,1.1,3,0,0,302
493,2008,ITA,333,190,10.0,9.0,8.0,27.0,1,237.6,218,17,1,302
494,2008,IVB,2,2,0.0,0.0,0.0,0.0,1,0.2,0,0,0,302
495,2008,JAM,50,29,2.0,2.0,5.0,9.0,1,55.4,36,3,1,302
496,2008,JOR,7,7,0.0,0.0,0.0,0.0,1,1.0,3,0,0,302
497,2008,JPN,332,176,9.0,7.0,9.0,25.0,1,236.8,163,20,8,302
498,2008,KAZ,130,106,7.0,4.0,2.0,13.0,1,42.25,40,0,0,302
499,2008,KEN,46,24,5.0,4.0,6.0,15.0,1,46.75,21,3,0,302
500,2008,KGZ,20,22,1.0,1.0,0.0,2.0,1,5.05,6,0,0,302
501,2008,KIR,2,2,0.0,0.0,0.0,0.0,1,0.2,0,0,0,302
502,2008,KOR,263,142,8.0,10.0,13.0,31.0,1,292.7,166,20,3,302
503,2008,KSA,14,11,0.0,0.0,0.0,0.0,1,2.6,5,0,0,302
504,2008,KUW,8,7,0.0,0.0,0.0,0.0,1,1.3,4,0,0,302
505,2008,LAO,4,4,0.0,0.0,0.0,0.0,1,0.6000000000000001,2,0,0,302
506,2008,LAT,47,33,1.0,1.0,1.0,3.0,1,19.35,18,1,0,302
507,2008,LBA,6,6,0.0,0.0,0.0,0.0,1,0.7000000000000001,1,0,0,302
508,2008,LBR,3,4,0.0,0.0,0.0,0.0,1,0.4,0,0,0,302
509,2008,LCA,4,4,0.0,0.0,0.0,0.0,1,0.5,1,0,0,302
510,2008,LES,5,3,0.0,0.0,0.0,0.0,1,0.5,0,0,0,302
511,2008,LIB,6,6,0.0,0.0,0.0,0.0,1,0.7000000000000001,1,0,0,302
512,2008,LIE,2,2,0.0,0.0,0.0,0.0,1,0.4,1,0,0,302
513,2008,LTU,71,54,3.0,2.0,0.0,5.0,1,27.8,30,2,1,302
514,2008,LUX,13,17,0.0,0.0,0.0,0.0,1,2.5,5,0,0,302
515,2008,MAD,6,6,0.0,0.0,0.0,0.0,1,0.9,2,0,0,302
516,2008,MAR,47,35,1.0,1.0,0.0,2.0,1,10.049999999999999,14,1,0,302
517,2008,MAS,31,29,0.0,1.0,0.0,1.0,1,7.3500000000000005,12,0,0,302
518,2008,MAW,4,4,0.0,0.0,0.0,0.0,1,0.4,0,0,0,302
519,2008,MDA,29,28,1.0,0.0,0.0,1.0,1,5.9,13,0,0,302
520,2008,MDV,4,4,0.0,0.0,0.0,0.0,1,0.5,1,0,0,302
521,2008,MEX,83,73,1.0,0.0,2.0,3.0,1,23.55,25,0,0,302
522,2008,MGL,28,29,0.0,2.0,2.0,4.0,1,17.45,13,0,0,302
523,2008,MHL,5,5,0.0,0.0,0.0,0.0,1,0.5,0,0,0,302
524,2008,MKD,7,7,0.0,0.0,0.0,0.0,1,0.7000000000000001,0,0,0,302
525,2008,MLI,17,6,0.0,0.0,0.0,0.0,1,2.1,3,0,0,302
526,2008,MLT,6,6,0.0,0.0,0.0,0.0,1,0.7000000000000001,1,0,0,302
527,2008,MNE,19,8,0.0,0.0,0.0,0.0,1,5.55,4,0,0,302
528,2008,MON,5,5,0.0,0.0,0.0,0.0,1,0.8,2,0,0,302
529,2008,MOZ,4,4,0.0,0.0,0.0,0.0,1,2.1,1,0,0,302
530,2008,MRI,11,11,1.0,0.0,0.0,1.0,1,2.5,4,0,0,302
531,2008,MTN,2,2,0.0,0.0,0.0,0.0,1,0.2,0,0,0,302
532,2008,MYA,6,7,0.0,0.0,0.0,0.0,1,0.7000000000000001,0,0,0,302
533,2008,NAM,10,10,0.0,0.0,0.0,0.0,1,1.5,3,0,0,302
534,2008,NCA,6,7,0.0,0.0,0.0,0.0,1,0.8,1,0,0,302
535,2008,NED,237,98,4.0,7.0,7.0,18.0,1,293.05,133,27,2,302
536,2008,NEP,8,8,0.0,0.0,0.0,0.0,1,0.8,0,0,0,302
537,2008,NGR,74,36,3.0,1.0,0.0,4.0,1,59.550000000000004,38,0,0,302
538,2008,NIG,4,4,0.0,0.0,0.0,0.0,1,0.4,0,0,0,302
539,2008,NOR,84,49,1.0,5.0,3.0,9.0,1,104.05,42,5,2,302
540,2008,NRU,1,1,0.0,0.0,0.0,0.0,1,0.2,1,0,0,302
541,2008,NZL,178,78,4.0,2.0,3.0,9.0,1,57.2,69,3,2,302
542,2008,OMA,4,4,0.0,0.0,0.0,0.0,1,0.4,0,0,0,302
543,2008,PAK,21,7,0.0,0.0,0.0,0.0,1,2.7,5,0,0,302
544,2008,PAN,5,5,0.0,0.0,1.0,1.0,1,2.95,2,0,0,302
545,2008,PAR,7,7,0.0,0.0,0.0,0.0,1,0.8,1,0,0,302
546,2008,PER,13,13,0.0,0.0,0.0,0.0,1,1.5,2,0,0,302
547,2008,PHI,15,17,0.0,0.0,0.0,0.0,1,2.4000000000000004,7,0,0,302
548,2008,PLE,4,4,0.0,0.0,0.0,0.0,1,0.4,0,0,0,302
549,2008,PLW,5,5,0.0,0.0,0.0,0.0,1,0.6000000000000001,1,0,0,302
550,2008,PNG,7,9,0.0,0.0,0.0,0.0,1,1.5,5,0,0,302
551,2008,POL,257,165,1.0,6.0,3.0,10.0,1,111.7,116,3,0,302
552,2008,POR,77,65,0.0,1.0,1.0,2.0,1,16.95,25,0,0,302
553,2008,PRK,58,38,3.0,1.0,2.0,6.0,1,23.6,12,0,0,302
554,2008,PUR,22,31,0.0,0.0,0.0,0.0,1,3.3000000000000003,2,0,0,302
555,2008,QAT,20,14,0.0,0.0,0.0,0.0,1,2.5,4,0,0,302
556,2008,ROU,101,80,3.0,1.0,4.0,8.0,1,96.75,67,8,6,302
557,2008,RSA,134,89,0.0,1.0,0.0,1.0,1,34.7,34,0,0,302
558,2008,RUS,452,242,28.0,21.0,23.0,72.0,1,538.6,303,46,11,302
559,2008,RWA,4,4,0.0,0.0,0.0,0.0,1,0.6000000000000001,2,0,0,302
560,2008,SAM,6,7,0.0,0.0,0.0,0.0,1,0.8,1,0,0,302
561,2008,SEN,15,16,0.0,0.0,0.0,0.0,1,2.3000000000000003,5,0,0,302
562,2008,SEY,9,9,0.0,0.0,0.0,0.0,1,1.2000000000000002,2,0,0,302
563,2008,SGP,25,25,0.0,1.0,0.0,1.0,1,12.500000000000002,9,0,0,302
564,2008,SKN,4,5,0.0,0.0,0.0,0.0,1,1.0,3,0,0,302
565,2008,SLE,3,3,0.0,0.0,0.0,0.0,1,0.30000000000000004,0,0,0,302
566,2008,SLO,61,60,2.0,2.0,1.0,5.0,1,26.450000000000003,33,2,0,302
567,2008,SMR,4,4,0.0,0.0,0.0,0.0,1,0.4,0,0,0,302
568,2008,SOL,3,3,0.0,0.0,0.0,0.0,1,0.4,1,0,0,302
569,2008,SOM,2,2,0.0,0.0,0.0,0.0,1,0.2,0,0,0,302
570,2008,SRB,87,42,2.0,1.0,0.0,3.0,1,51.800000000000004,38,7,0,302
571,2008,SRI,8,9,0.0,0.0,0.0,0.0,1,2.35,1,0,0,302
572,2008,STP,3,4,0.0,0.0,0.0,0.0,1,0.4,0,0,0,302
573,2008,SUD,9,8,0.0,1.0,0.0,1.0,1,2.6500000000000004,3,0,0,302
574,2008,SUI,83,75,4.0,1.0,2.0,7.0,1,37.550000000000004,49,1,0,302
575,2008,SUR,4,4,0.0,0.0,0.0,0.0,1,0.5,1,0,0,302
576,2008,SVK,57,54,1.0,2.0,3.0,6.0,1,51.75,39,8,3,302
577,2008,SWE,123,81,1.0,4.0,0.0,5.0,1,51.75,66,1,0,302
578,2008,SWZ,4,4,0.0,0.0,0.0,0.0,1,0.4,0,0,0,302
579,2008,SYR,7,7,0.0,0.0,0.0,0.0,1,0.8,1,0,0,302
580,2008,TAN,9,6,0.0,0.0,0.0,0.0,1,1.2000000000000002,3,0,0,302
581,2008,TGA,3,3,0.0,0.0,0.0,0.0,1,0.4,1,0,0,302
582,2008,THA,47,43,0.0,2.0,2.0,4.0,1,23.65,20,1,0,302
583,2008,TJK,15,16,1.0,1.0,0.0,2.0,1,5.5,5,0,0,302
584,2008,TKM,10,9,0.0,0.0,0.0,0.0,1,1.4,3,0,0,302
585,2008,TLS,1,1,0.0,0.0,0.0,0.0,1,0.1,0,0,0,302
586,2008,TOG,4,4,1.0,0.0,0.0,1.0,1,1.05,2,0,0,302
587,2008,TPE,79,41,4.0,0.0,0.0,4.0,1,23.25,45,1,0,302
588,2008,TTO,28,19,0.0,1.0,1.0,2.0,1,27.2,17,0,0,302
589,2008,TUN,26,28,0.0,0.0,1.0,1.0,1,5.550000000000001,3,0,0,302
590,2008,TUR,67,67,3.0,3.0,1.0,7.0,1,32.800000000000004,29,0,0,302
591,2008,TUV,3,3,0.0,0.0,0.0,0.0,1,0.30000000000000004,0,0,0,302
592,2008,UAE,8,9,0.0,0.0,0.0,0.0,1,3.1,4,0,0,302
593,2008,UGA,11,10,0.0,0.0,0.0,0.0,1,1.3,2,0,0,302
594,2008,UKR,243,177,15.0,5.0,7.0,27.0,1,120.55,126,3,0,302
595,2008,URU,12,12,0.0,0.0,0.0,0.0,1,3.0000000000000004,6,0,0,302
596,2008,USA,587,258,35.0,39.0,36.0,110.0,1,1113.9,421,90,44,302
597,2008,UZB,56,67,3.0,2.0,1.0,6.0,1,20.900000000000002,17,1,1,302
598,2008,VAN,3,3,0.0,0.0,0.0,0.0,1,0.30000000000000004,0,0,0,302
599,2008,VEN,108,83,1.0,0.0,0.0,1.0,1,15.65,18,0,0,302
600,2008,VIE,13,18,0.0,1.0,0.0,1.0,1,5.0,6,0,0,302
601,2008,VIN,2,2,0.0,0.0,0.0,0.0,1,0.2,0,0,0,302
602,2008,YEM,5,8,0.0,0.0,0.0,0.0,1,0.8,0,0,0,302
603,2008,ZAM,8,8,0.0,0.0,0.0,0.0,1,0.8,0,0,0,302
604,2008,ZIM,13,15,0.0,3.0,1.0,4.0,1,15.5,8,3,1,302
605,2012,AFG,6,6,1.0,0.0,0.0,1.0,1,1.7000000000000002,2,0,0,302
606,2012,ALB,9,9,0.0,0.0,0.0,0.0,1,1.1,1,0,0,302
607,2012,ALG,38,29,0.0,0.0,1.0,1.0,1,9.95,12,0,0,302
608,2012,AND,6,6,0.0,0.0,0.0,0.0,1,1.1,3,0,0,302
609,2012,ANG,33,10,0.0,0.0,0.0,0.0,1,4.7,9,0,0,302
610,2012,ANT,4,4,0.0,0.0,0.0,0.0,1,0.7999999999999999,2,0,0,302
611,2012,ARG,137,66,2.0,1.0,1.0,4.0,1,89.375,58,9,0,302
612,2012,ARM,24,30,2.0,1.0,0.0,3.0,1,7.8,11,0,0,302
613,2012,ARU,4,4,0.0,0.0,0.0,0.0,1,0.4,0,0,0,302
614,2012,ASA,4,4,0.0,0.0,0.0,0.0,1,0.4,0,0,0,302
615,2012,AUS,405,208,12.0,16.0,7.0,35.0,1,409.175,265,35,2,302
616,2012,AUT,70,69,0.0,0.0,0.0,0.0,1,15.9,44,0,0,302
617,2012,AZE,52,57,6.0,2.0,2.0,10.0,1,29.4,21,3,0,302
618,2012,BAH,21,16,0.0,0.0,1.0,1.0,1,23.650000000000002,14,3,0,302
619,2012,BAN,5,7,0.0,0.0,0.0,0.0,1,0.7000000000000001,0,0,0,302
620,2012,BAR,6,6,0.0,0.0,0.0,0.0,1,1.3,3,0,0,302
621,2012,BDI,6,6,0.0,0.0,0.0,0.0,1,0.7000000000000001,1,0,0,302
622,2012,BEL,111,71,2.0,1.0,0.0,3.0,1,25.55,44,0,0,302
623,2012,BEN,5,5,0.0,0.0,0.0,0.0,1,0.6000000000000001,1,0,0,302
624,2012,BER,8,7,0.0,0.0,0.0,0.0,1,1.3,5,0,0,302
625,2012,BHU,2,2,0.0,0.0,0.0,0.0,1,0.2,0,0,0,302
626,2012,BIH,6,8,0.0,0.0,0.0,0.0,1,2.0,5,0,0,302
627,2012,BIZ,3,3,0.0,0.0,0.0,0.0,1,0.30000000000000004,0,0,0,302
628,2012,BLR,160,110,5.0,5.0,2.0,12.0,1,91.5,85,8,0,302
629,2012,BOL,5,5,0.0,0.0,0.0,0.0,1,0.5,0,0,0,302
630,2012,BOT,4,4,0.0,1.0,0.0,1.0,1,3.3000000000000003,2,0,0,302
631,2012,BRA,246,138,9.0,5.0,3.0,17.0,1,272.1,166,27,6,302
632,2012,BRN,12,11,1.0,0.0,0.0,1.0,1,2.1500000000000004,3,0,0,302
633,2012,BRU,3,3,0.0,0.0,0.0,0.0,1,0.30000000000000004,0,0,0,302
634,2012,BUL,63,56,1.0,1.0,0.0,2.0,1,20.525,22,3,1,302
635,2012,BUR,5,5,0.0,0.0,0.0,0.0,1,0.5,0,0,0,302
636,2012,CAF,6,6,0.0,0.0,0.0,0.0,1,0.7000000000000001,1,0,0,302
637,2012,CAM,6,6,0.0,0.0,0.0,0.0,1,0.8,2,0,0,302
638,2012,CAN,272,179,12.0,5.0,1.0,18.0,1,152.8,136,8,0,302
639,2012,CAY,4,5,0.0,0.0,0.0,0.0,1,1.1,3,0,0,302
640,2012,CGO,7,6,0.0,0.0,0.0,0.0,1,0.9,2,0,0,302
641,2012,CHA,2,2,0.0,0.0,0.0,0.0,1,0.2,0,0,0,302
642,2012,CHI,35,36,0.0,0.0,0.0,0.0,1,6.4,15,0,0,302
643,2012,CHN,365,206,23.0,27.0,38.0,88.0,1,520.25,245,37,13,302
644,2012,CIV,9,10,0.0,0.0,0.0,0.0,1,1.1,1,0,0,302
645,2012,CMR,32,16,0.0,0.0,0.0,0.0,1,3.7,5,0,0,302
646,2012,COD,4,4,0.0,0.0,0.0,0.0,1,0.4,0,0,0,302
647,2012,COK,8,9,0.0,0.0,0.0,0.0,1,0.9,0,0,0,302
648,2012,COL,101,81,4.0,3.0,1.0,8.0,1,30.25,36,1,0,302
649,2012,COM,3,3,0.0,0.0,0.0,0.0,1,0.4,1,0,0,302
650,2012,CPV,3,3,0.0,0.0,0.0,0.0,1,0.30000000000000004,0,0,0,302
651,2012,CRC,11,11,0.0,0.0,0.0,0.0,1,1.4000000000000001,3,0,0,302
652,2012,CRO,107,53,2.0,1.0,3.0,6.0,1,93.025,58,0,0,302
653,2012,CUB,109,86,6.0,3.0,5.0,14.0,1,52.675000000000004,50,5,1,302
654,2012,CYP,13,12,0.0,1.0,0.0,1.0,1,3.85,8,0,0,302
655,2012,CZE,133,99,3.0,3.0,4.0,10.0,1,63.525000000000006,72,6,1,302
656,2012,DEN,113,69,3.0,4.0,2.0,9.0,1,71.0,53,5,2,302
657,2012,DJI,4,4,0.0,0.0,0.0,0.0,1,0.4,0,0,0,302
658,2012,DMA,2,2,0.0,0.0,0.0,0.0,1,0.30000000000000004,1,0,0,302
659,2012,DOM,33,21,0.0,1.0,1.0,2.0,1,10.75,10,0,0,302
660,2012,ECU,36,34,0.0,0.0,0.0,0.0,1,4.0,3,0,0,302
661,2012,EGY,109,87,0.0,2.0,0.0,2.0,1,22.950000000000003,30,0,0,302
662,2012,ERI,12,7,0.0,0.0,0.0,0.0,1,2.0,4,0,0,302
663,2012,ESA,10,11,0.0,0.0,0.0,0.0,1,1.3,2,0,0,302
664,2012,ESP,278,135,4.0,10.0,3.0,17.0,1,202.4,166,11,0,302
665,2012,EST,32,30,1.0,1.0,0.0,2.0,1,11.125,16,1,0,302
666,2012,ETH,33,14,3.0,1.0,3.0,7.0,1,33.25,12,4,2,302
667,2012,FIJ,9,9,0.0,0.0,0.0,0.0,1,1.2,2,0,0,302
668,2012,FIN,56,61,2.0,1.0,0.0,3.0,1,17.55,28,0,0,302
669,2012,FRA,324,188,13.0,11.0,11.0,35.0,1,298.65000000000003,178,21,12,302
670,2012,FSM,6,6,0.0,0.0,0.0,0.0,1,1.1,4,0,0,302
671,2012,GAB,21,7,0.0,1.0,0.0,1.0,1,5.1000000000000005,3,0,0,302
672,2012,GAM,2,2,0.0,0.0,0.0,0.0,1,0.30000000000000004,1,0,0,302
673,2012,GBR,530,249,19.0,17.0,29.0,65.0,1,448.225,263,27,8,302
674,2012,GBS,4,4,0.0,0.0,0.0,0.0,1,0.6000000000000001,2,0,0,302
675,2012,GEO,34,35,3.0,3.0,1.0,7.0,1,21.925,15,1,0,302
676,2012,GEQ,2,2,0.0,0.0,0.0,0.0,1,0.2,0,0,0,302
677,2012,GER,383,213,14.0,19.0,11.0,44.0,1,418.125,245,28,13,302
678,2012,GHA,7,7,0.0,0.0,0.0,0.0,1,0.8,1,0,0,302
679,2012,GRE,102,76,2.0,0.0,0.0,2.0,1,22.75,47,1,0,302
680,2012,GRN,8,8,0.0,0.0,1.0,1.0,1,5.4,2,0,0,302
681,2012,GUA,19,21,0.0,1.0,0.0,1.0,1,5.7,6,0,0,302
682,2012,GUI,4,4,0.0,0.0,0.0,0.0,1,0.4,0,0,0,302
683,2012,GUM,8,8,0.0,0.0,0.0,0.0,1,1.3,5,0,0,302
684,2012,GUY,6,6,0.0,0.0,0.0,0.0,1,0.9,1,0,0,302
685,2012,HAI,5,5,0.0,0.0,0.0,0.0,1,0.6000000000000001,1,0,0,302
686,2012,HKG,41,44,1.0,0.0,0.0,1.0,1,7.5,10,0,0,302
687,2012,HON,25,10,0.0,0.0,0.0,0.0,1,2.6,1,0,0,302
688,2012,HUN,151,111,6.0,4.0,8.0,18.0,1,170.95000000000002,105,15,9,302
689,2012,INA,22,16,1.0,1.0,0.0,2.0,1,8.875,6,0,0,302
690,2012,IND,81,55,4.0,2.0,0.0,6.0,1,21.875,26,1,0,302
691,2012,IOA,4,4,0.0,0.0,0.0,0.0,1,0.4,0,0,0,302
692,2012,IRI,52,51,3.0,5.0,4.0,12.0,1,35.7,20,0,0,302
693,2012,IRL,64,54,3.0,1.0,1.0,5.0,1,19.7,23,1,0,302
694,2012,IRQ,8,8,0.0,0.0,0.0,0.0,1,0.9,1,0,0,302
695,2012,ISL,27,20,0.0,0.0,0.0,0.0,1,18.700000000000003,17,0,0,302
696,2012,ISR,37,41,0.0,0.0,0.0,0.0,1,9.275,22,0,0,302
697,2012,ISV,7,7,0.0,0.0,0.0,0.0,1,1.4,3,0,0,302
698,2012,ITA,281,169,11.0,9.0,8.0,28.0,1,264.2,201,20,2,302
699,2012,IVB,2,2,0.0,0.0,0.0,0.0,1,0.30000000000000004,1,0,0,302
700,2012,JAM,45,25,4.0,4.0,4.0,12.0,1,83.47500000000001,43,10,4,302
701,2012,JOR,9,9,0.0,0.0,0.0,0.0,1,1.3,2,0,0,302
702,2012,JPN,291,178,17.0,14.0,7.0,38.0,1,224.25,165,10,4,302
703,2012,KAZ,113,106,5.0,1.0,7.0,13.0,1,58.75,39,3,1,302
704,2012,KEN,47,23,5.0,4.0,2.0,11.0,1,36.65,19,1,0,302
705,2012,KGZ,14,15,0.0,0.0,0.0,0.0,1,1.9000000000000001,4,0,0,302
706,2012,KIR,3,3,0.0,0.0,0.0,0.0,1,0.30000000000000004,0,0,0,302
707,2012,KOR,249,140,7.0,8.0,13.0,28.0,1,221.2,155,13,4,302
708,2012,KSA,18,14,1.0,0.0,0.0,1.0,1,5.95,11,0,0,302
709,2012,KUW,10,11,1.0,0.0,0.0,1.0,1,3.4,6,0,0,302
710,2012,LAO,3,3,0.0,0.0,0.0,0.0,1,0.30000000000000004,0,0,0,302
711,2012,LAT,45,38,1.0,0.0,1.0,2.0,1,16.775000000000002,15,1,1,302
712,2012,LBA,4,4,0.0,0.0,0.0,0.0,1,0.6,1,0,0,302
713,2012,LBR,3,3,0.0,0.0,0.0,0.0,1,0.4,1,0,0,302
714,2012,LCA,4,4,0.0,0.0,0.0,0.0,1,0.6000000000000001,2,0,0,302
715,2012,LES,4,4,0.0,0.0,0.0,0.0,1,0.5,1,0,0,302
716,2012,LIB,10,10,0.0,0.0,0.0,0.0,1,1.3,2,0,0,302
717,2012,LIE,3,4,0.0,0.0,0.0,0.0,1,0.5,1,0,0,302
718,2012,LTU,62,54,2.0,1.0,2.0,5.0,1,30.8,26,1,1,302
719,2012,LUX,9,11,0.0,0.0,0.0,0.0,1,1.6,4,0,0,302
720,2012,MAD,7,7,0.0,0.0,0.0,0.0,1,0.7000000000000001,0,0,0,302
721,2012,MAR,63,40,1.0,0.0,0.0,1.0,1,8.35,12,0,0,302
722,2012,MAS,28,25,1.0,1.0,0.0,2.0,1,8.35,12,1,0,302
723,2012,MAW,3,3,0.0,0.0,0.0,0.0,1,0.30000000000000004,0,0,0,302
724,2012,MDA,20,19,2.0,0.0,0.0,2.0,1,4.4,7,0,0,302
725,2012,MDV,5,5,0.0,0.0,0.0,0.0,1,0.5,0,0,0,302
726,2012,MEX,99,75,3.0,3.0,1.0,7.0,1,102.2,53,2,0,302
727,2012,MGL,29,32,3.0,2.0,0.0,5.0,1,16.475,15,1,0,302
728,2012,MHL,4,4,0.0,0.0,0.0,0.0,1,0.5,1,0,0,302
729,2012,MKD,4,4,0.0,0.0,0.0,0.0,1,0.4,0,0,0,302
730,2012,MLI,6,6,0.0,0.0,0.0,0.0,1,0.7000000000000001,1,0,0,302
731,2012,MLT,5,5,0.0,0.0,0.0,0.0,1,0.7,1,0,0,302
732,2012,MNE,33,9,0.0,1.0,0.0,1.0,1,46.7,27,1,0,302
733,2012,MON,6,6,0.0,0.0,0.0,0.0,1,0.8,2,0,0,302
734,2012,MOZ,6,6,0.0,0.0,0.0,0.0,1,0.8,2,0,0,302
735,2012,MRI,11,10,0.0,0.0,0.0,0.0,1,1.4000000000000001,3,0,0,302
736,2012,MTN,2,2,0.0,0.0,0.0,0.0,1,0.2,0,0,0,302
737,2012,MYA,6,6,0.0,0.0,0.0,0.0,1,0.8,2,0,0,302
738,2012,NAM,9,8,0.0,0.0,0.0,0.0,1,1.2000000000000002,3,0,0,302
739,2012,NCA,6,6,0.0,0.0,0.0,0.0,1,0.6000000000000001,0,0,0,302
740,2012,NED,173,95,8.0,6.0,6.0,20.0,1,250.65,116,23,9,302
741,2012,NEP,5,5,0.0,0.0,0.0,0.0,1,0.6000000000000001,1,0,0,302
742,2012,NGR,49,31,0.0,0.0,0.0,0.0,1,8.75,14,0,0,302
743,2012,NIG,6,6,0.0,0.0,0.0,0.0,1,0.6000000000000001,0,0,0,302
744,2012,NOR,61,46,1.0,1.0,2.0,4.0,1,103.30000000000001,39,12,11,302
745,2012,NRU,2,2,0.0,0.0,0.0,0.0,1,0.4,1,0,0,302
746,2012,NZL,178,87,5.0,2.0,6.0,13.0,1,90.25,80,7,1,302
747,2012,OMA,3,3,0.0,0.0,0.0,0.0,1,0.30000000000000004,0,0,0,302
748,2012,PAK,20,6,0.0,0.0,0.0,0.0,1,3.5,9,0,0,302
749,2012,PAN,8,8,0.0,0.0,0.0,0.0,1,2.6,2,0,0,302
750,2012,PAR,8,10,0.0,0.0,0.0,0.0,1,1.3,2,0,0,302
751,2012,PER,16,14,0.0,0.0,0.0,0.0,1,1.9000000000000001,3,0,0,302
752,2012,PHI,11,11,0.0,0.0,0.0,0.0,1,1.4000000000000001,3,0,0,302
753,2012,PLE,5,5,0.0,0.0,0.0,0.0,1,0.5,0,0,0,302
754,2012,PLW,5,5,0.0,0.0,0.0,0.0,1,0.5,0,0,0,302
755,2012,PNG,8,8,0.0,0.0,0.0,0.0,1,1.3,3,0,0,302
756,2012,POL,210,148,6.0,2.0,2.0,10.0,1,75.575,107,2,1,302
757,2012,POR,76,75,0.0,1.0,0.0,1.0,1,20.200000000000003,38,0,0,302
758,2012,PRK,51,27,2.0,0.0,4.0,6.0,1,26.15,15,1,0,302
759,2012,PUR,25,25,1.0,1.0,0.0,2.0,1,6.45,5,0,0,302
760,2012,QAT,12,13,2.0,0.0,0.0,2.0,1,2.925,3,0,0,302
761,2012,ROU,105,75,2.0,5.0,2.0,9.0,1,83.22500000000001,56,7,2,302
762,2012,RSA,124,65,1.0,2.0,3.0,6.0,1,55.05,49,0,0,302
763,2012,RUS,427,238,32.0,26.0,24.0,82.0,1,537.025,288,36,9,302
764,2012,RWA,7,7,0.0,0.0,0.0,0.0,1,0.8,1,0,0,302
765,2012,SAM,8,9,0.0,0.0,0.0,0.0,1,1.0,1,0,0,302
766,2012,SEN,31,16,0.0,0.0,0.0,0.0,1,4.0,4,0,0,302
767,2012,SEY,6,6,0.0,0.0,0.0,0.0,1,0.6000000000000001,0,0,0,302
768,2012,SGP,23,29,2.0,0.0,0.0,2.0,1,13.350000000000001,12,3,0,302
769,2012,SKN,4,3,0.0,0.0,0.0,0.0,1,0.7000000000000001,0,0,0,302
770,2012,SLE,2,2,0.0,0.0,0.0,0.0,1,0.2,0,0,0,302
771,2012,SLO,65,68,2.0,1.0,1.0,4.0,1,26.125,32,3,0,302
772,2012,SMR,4,4,0.0,0.0,0.0,0.0,1,0.4,0,0,0,302
773,2012,SOL,4,4,0.0,0.0,0.0,0.0,1,0.5,1,0,0,302
774,2012,SOM,2,2,0.0,0.0,0.0,0.0,1,0.2,0,0,0,302
775,2012,SRB,116,55,2.0,1.0,1.0,4.0,1,51.475,60,8,0,302
776,2012,SRI,7,8,0.0,0.0,0.0,0.0,1,1.0,2,0,0,302
777,2012,STP,2,2,0.0,0.0,0.0,0.0,1,0.2,0,0,0,302
778,2012,SUD,6,5,0.0,0.0,0.0,0.0,1,1.8000000000000003,2,0,0,302
779,2012,SUI,98,71,0.0,2.0,2.0,4.0,1,33.275,48,1,0,302
780,2012,SUR,5,5,0.0,0.0,0.0,0.0,1,0.8,3,0,0,302
781,2012,SVK,47,52,3.0,1.0,0.0,4.0,1,44.05,27,5,2,302
782,2012,SWE,133,81,3.0,4.0,1.0,8.0,1,89.125,78,3,0,302
783,2012,SWZ,3,3,0.0,0.0,0.0,0.0,1,0.4,1,0,0,302
784,2012,SYR,10,10,0.0,0.0,0.0,0.0,1,1.2000000000000002,2,0,0,302
785,2012,TAN,6,5,0.0,0.0,0.0,0.0,1,0.9,2,0,0,302
786,2012,TGA,3,3,0.0,0.0,0.0,0.0,1,0.5,1,0,0,302
787,2012,THA,37,37,1.0,2.0,0.0,3.0,1,13.0,16,0,0,302
788,2012,TJK,16,16,1.0,0.0,0.0,1.0,1,5.1000000000000005,7,0,0,302
789,2012,TKM,10,10,0.0,0.0,0.0,0.0,1,1.3,1,0,0,302
790,2012,TLS,2,2,0.0,0.0,0.0,0.0,1,0.2,0,0,0,302
791,2012,TOG,6,6,0.0,0.0,0.0,0.0,1,1.2000000000000002,2,0,0,302
792,2012,TPE,44,40,1.0,1.0,0.0,2.0,1,12.8,21,0,0,302
793,2012,TTO,25,22,2.0,1.0,1.0,4.0,1,32.35,21,4,0,302
794,2012,TUN,83,50,1.0,1.0,1.0,3.0,1,18.95,17,1,0,302
795,2012,TUR,112,80,1.0,2.0,2.0,5.0,1,31.45,25,1,0,302
796,2012,TUV,3,3,0.0,0.0,0.0,0.0,1,0.4,1,0,0,302
797,2012,UAE,26,9,0.0,0.0,0.0,0.0,1,2.9000000000000004,1,0,0,302
798,2012,UGA,15,12,0.0,0.0,1.0,1.0,1,6.499999999999999,5,0,0,302
799,2012,UKR,230,174,9.0,5.0,6.0,20.0,1,111.7,117,2,0,302
800,2012,URU,27,11,0.0,0.0,0.0,0.0,1,3.0,2,0,0,302
801,2012,USA,529,245,29.0,28.0,46.0,103.0,1,1103.5,382,90,53,302
802,2012,UZB,53,52,2.0,0.0,1.0,3.0,1,21.825,18,2,1,302
803,2012,VAN,5,5,0.0,0.0,0.0,0.0,1,0.5,0,0,0,302
804,2012,VEN,68,70,0.0,0.0,1.0,1.0,1,13.850000000000001,23,0,0,302
805,2012,VIE,18,23,0.0,0.0,0.0,0.0,1,2.7,3,0,0,302
806,2012,VIN,3,3,0.0,0.0,0.0,0.0,1,0.4,1,0,0,302
807,2012,YEM,4,4,0.0,0.0,0.0,0.0,1,0.5,1,0,0,302
808,2012,ZAM,7,7,0.0,0.0,0.0,0.0,1,0.8,1,0,0,302
809,2012,ZIM,7,8,0.0,0.0,0.0,0.0,1,9.750000000000002,4,3,1,302
810,2016,AFG,3,3,0.0,0.0,0.0,0.0,1,0.30000000000000004,0,0,0,306
811,2016,ALB,6,6,0.0,0.0,0.0,0.0,1,0.8,2,0,0,306
812,2016,ALG,64,48,0.0,2.0,0.0,2.0,1,14.450000000000001,9,1,0,306
813,2016,AND,4,4,0.0,0.0,0.0,0.0,1,0.4,0,0,0,306
814,2016,ANG,26,10,0.0,0.0,0.0,0.0,1,4.3,11,0,0,306
815,2016,ANT,8,5,0.0,0.0,0.0,0.0,1,1.2000000000000002,1,0,0,306
816,2016,ARG,215,80,0.0,1.0,3.0,4.0,1,121.785,81,8,0,306
817,2016,ARM,31,32,0.0,3.0,1.0,4.0,1,16.7,8,1,0,306
818,2016,ARU,7,6,0.0,0.0,0.0,0.0,1,0.9,2,0,0,306
819,2016,ASA,4,4,0.0,0.0,0.0,0.0,1,0.4,0,0,0,306
820,2016,AUS,420,194,10.0,11.0,8.0,29.0,1,352.435,220,27,2,306
821,2016,AUT,71,61,1.0,0.0,0.0,1.0,1,15.475000000000001,30,0,0,306
822,2016,AZE,56,62,10.0,7.0,1.0,18.0,1,52.85,37,6,0,306
823,2016,BAH,29,20,1.0,0.0,1.0,2.0,1,21.275000000000002,15,2,0,306
824,2016,BAN,6,7,0.0,0.0,0.0,0.0,1,0.8,1,0,0,306
825,2016,BAR,11,11,0.0,0.0,0.0,0.0,1,1.6,2,0,0,306
826,2016,BDI,9,9,0.0,1.0,0.0,1.0,1,2.75,3,0,0,306
827,2016,BEL,104,74,2.0,2.0,2.0,6.0,1,57.550000000000004,54,0,0,306
828,2016,BEN,6,6,0.0,0.0,0.0,0.0,1,0.6000000000000001,0,0,0,306
829,2016,BER,8,8,0.0,0.0,0.0,0.0,1,1.2,2,0,0,306
830,2016,BHU,2,2,0.0,0.0,0.0,0.0,1,0.2,0,0,0,306
831,2016,BIH,11,8,0.0,0.0,0.0,0.0,1,1.5,3,0,0,306
832,2016,BIZ,3,3,0.0,0.0,0.0,0.0,1,0.30000000000000004,0,0,0,306
833,2016,BLR,120,86,4.0,4.0,1.0,9.0,1,53.12,61,6,0,306
834,2016,BOL,12,10,0.0,0.0,0.0,0.0,1,1.2000000000000002,0,0,0,306
835,2016,BOT,12,7,0.0,0.0,0.0,0.0,1,2.95,2,0,0,306
836,2016,BRA,458,222,6.0,6.0,7.0,19.0,1,315.84,215,17,4,306
837,2016,BRN,33,20,0.0,1.0,1.0,2.0,1,10.5,2,0,0,306
838,2016,BRU,3,3,0.0,0.0,0.0,0.0,1,0.30000000000000004,0,0,0,306
839,2016,BUL,50,51,2.0,1.0,0.0,3.0,1,14.9,23,0,0,306
840,2016,BUR,5,5,0.0,0.0,0.0,0.0,1,0.7000000000000001,2,0,0,306
841,2016,CAF,6,6,0.0,0.0,0.0,0.0,1,0.9,3,0,0,306
842,2016,CAM,6,6,0.0,0.0,0.0,0.0,1,0.8,1,0,0,306
843,2016,CAN,309,175,15.0,3.0,4.0,22.0,1,149.25,151,12,1,306
844,2016,CAY,5,5,0.0,0.0,0.0,0.0,1,0.8,2,0,0,306
845,2016,CGO,10,9,0.0,0.0,0.0,0.0,1,1.3,2,0,0,306
846,2016,CHA,2,2,0.0,0.0,0.0,0.0,1,0.2,0,0,0,306
847,2016,CHI,42,36,0.0,0.0,0.0,0.0,1,7.4,19,0,0,306
848,2016,CHN,390,209,26.0,18.0,26.0,70.0,1,470.25,202,38,13,306
849,2016,CIV,12,12,1.0,0.0,1.0,2.0,1,6.95,6,0,0,306
850,2016,CMR,22,13,0.0,0.0,0.0,0.0,1,2.5,2,0,0,306
851,2016,COD,4,4,0.0,0.0,0.0,0.0,1,0.4,0,0,0,306
852,2016,COK,9,9,0.0,0.0,0.0,0.0,1,1.2000000000000002,3,0,0,306
853,2016,COL,143,85,3.0,2.0,3.0,8.0,1,46.0,54,5,1,306
854,2016,COM,4,4,0.0,0.0,0.0,0.0,1,0.5,1,0,0,306
855,2016,CPV,5,5,0.0,0.0,0.0,0.0,1,0.6000000000000001,1,0,0,306
856,2016,CRC,11,11,0.0,0.0,0.0,0.0,1,1.8,5,0,0,306
857,2016,CRO,85,47,2.0,3.0,5.0,10.0,1,89.175,53,7,1,306
858,2016,CUB,117,99,4.0,2.0,5.0,11.0,1,58.75,41,3,1,306
859,2016,CYP,15,19,0.0,0.0,0.0,0.0,1,4.2,6,0,0,306
860,2016,CZE,104,92,7.0,2.0,1.0,10.0,1,57.95,70,7,1,306
861,2016,DEN,117,67,7.0,6.0,2.0,15.0,1,120.325,80,6,0,306
862,2016,DJI,7,7,0.0,0.0,0.0,0.0,1,0.8,0,0,0,306
863,2016,DMA,2,2,0.0,0.0,0.0,0.0,1,0.2,0,0,0,306
864,2016,DOM,26,22,1.0,0.0,0.0,1.0,1,5.8500000000000005,6,0,0,306
865,2016,ECU,37,29,0.0,0.0,0.0,0.0,1,5.7,15,0,0,306
866,2016,EGY,118,87,3.0,0.0,0.0,3.0,1,21.6,36,0,0,306
867,2016,ERI,12,6,0.0,0.0,0.0,0.0,1,2.125,5,0,0,306
868,2016,ESA,8,10,0.0,0.0,0.0,0.0,1,1.1,1,0,0,306
869,2016,ESP,306,146,6.0,4.0,7.0,17.0,1,191.97500000000002,154,12,0,306
870,2016,EST,46,31,1.0,0.0,0.0,1.0,1,12.450000000000001,19,1,0,306
871,2016,ETH,37,16,5.0,2.0,1.0,8.0,1,24.0,15,1,1,306
872,2016,FIJ,53,14,0.0,0.0,1.0,1.0,1,64.6,18,0,0,306
873,2016,FIN,54,55,1.0,0.0,0.0,1.0,1,13.575000000000001,23,0,0,306
874,2016,FRA,392,202,14.0,18.0,10.0,42.0,1,346.44,199,16,7,306
875,2016,FSM,5,5,0.0,0.0,0.0,0.0,1,0.7,1,0,0,306
876,2016,GAB,6,6,0.0,0.0,0.0,0.0,1,2.55,3,0,0,306
877,2016,GAM,4,4,0.0,0.0,0.0,0.0,1,0.4,0,0,0,306
878,2016,GBR,360,198,17.0,23.0,27.0,67.0,1,558.785,261,50,19,306
879,2016,GBS,5,5,0.0,0.0,0.0,0.0,1,0.8999999999999999,2,0,0,306
880,2016,GEO,40,40,4.0,1.0,2.0,7.0,1,20.48,16,1,0,306
881,2016,GEQ,1,1,0.0,0.0,0.0,0.0,1,0.2,1,0,0,306
882,2016,GER,418,217,15.0,10.0,17.0,42.0,1,533.1850000000001,286,43,9,306
883,2016,GHA,13,12,0.0,0.0,0.0,0.0,1,1.5,0,0,0,306
884,2016,GRE,92,65,2.0,1.0,3.0,6.0,1,31.25,45,0,0,306
885,2016,GRN,6,4,0.0,1.0,0.0,1.0,1,5.300000000000001,2,1,0,306
886,2016,GUA,21,19,0.0,0.0,0.0,0.0,1,5.45,12,0,0,306
887,2016,GUI,5,5,0.0,0.0,0.0,0.0,1,0.5,0,0,0,306
888,2016,GUM,5,5,0.0,0.0,0.0,0.0,1,0.6000000000000001,1,0,0,306
889,2016,GUY,6,7,0.0,0.0,0.0,0.0,1,0.8,1,0,0,306
890,2016,HAI,10,10,0.0,0.0,0.0,0.0,1,1.1,1,0,0,306
891,2016,HKG,36,32,0.0,0.0,0.0,0.0,1,6.550000000000001,11,0,0,306
892,2016,HON,23,8,0.0,0.0,0.0,0.0,1,2.7,4,0,0,306
893,2016,HUN,153,113,4.0,3.0,8.0,15.0,1,113.775,103,5,5,306
894,2016,INA,28,20,0.0,2.0,1.0,3.0,1,17.85,10,1,0,306
895,2016,IND,112,67,1.0,1.0,0.0,2.0,1,23.625,37,0,0,306
896,2016,IOA,9,6,1.0,0.0,1.0,2.0,1,3.5300000000000002,5,0,0,306
897,2016,IRI,63,46,4.0,1.0,3.0,8.0,1,34.0,25,3,0,306
898,2016,IRL,76,57,0.0,2.0,0.0,2.0,1,22.3,21,1,0,306
899,2016,IRQ,20,5,0.0,0.0,0.0,0.0,1,2.0,0,0,0,306
900,2016,ISL,8,14,0.0,0.0,0.0,0.0,1,2.1,5,0,0,306
901,2016,ISR,47,45,2.0,0.0,0.0,2.0,1,10.700000000000001,21,0,0,306
902,2016,ISV,7,7,0.0,0.0,0.0,0.0,1,1.2000000000000002,3,0,0,306
903,2016,ITA,309,171,8.0,12.0,8.0,28.0,1,244.955,189,17,2,306
904,2016,IVB,4,4,0.0,0.0,0.0,0.0,1,0.6,1,0,0,306
905,2016,JAM,56,32,2.0,3.0,6.0,11.0,1,128.445,42,11,7,306
906,2016,JOR,8,8,0.0,0.0,1.0,1.0,1,5.5,3,0,0,306
907,2016,JPN,335,186,21.0,8.0,12.0,41.0,1,207.675,164,13,1,306
908,2016,KAZ,101,98,10.0,5.0,3.0,18.0,1,57.85,48,4,0,306
909,2016,KEN,79,29,1.0,6.0,6.0,13.0,1,54.7,20,4,1,306
910,2016,KGZ,19,17,0.0,0.0,0.0,0.0,1,2.5,5,0,0,306
911,2016,KIR,3,3,0.0,0.0,0.0,0.0,1,0.30000000000000004,0,0,0,306
912,2016,KOR,207,117,9.0,3.0,9.0,21.0,1,147.575,94,8,2,306
913,2016,KOS,8,8,0.0,0.0,1.0,1.0,1,3.1500000000000004,1,0,0,306
914,2016,KSA,10,10,0.0,0.0,0.0,0.0,1,1.5,2,0,0,306
915,2016,LAO,5,5,0.0,0.0,0.0,0.0,1,0.6000000000000001,1,0,0,306
916,2016,LAT,32,25,0.0,0.0,0.0,0.0,1,9.350000000000001,14,1,1,306
917,2016,LBA,7,7,0.0,0.0,0.0,0.0,1,0.7000000000000001,0,0,0,306
918,2016,LBR,2,3,0.0,0.0,0.0,0.0,1,0.30000000000000004,0,0,0,306
919,2016,LCA,5,4,0.0,0.0,0.0,0.0,1,0.7,1,0,0,306
920,2016,LES,8,8,0.0,0.0,0.0,0.0,1,1.1,2,0,0,306
921,2016,LIB,9,9,0.0,0.0,0.0,0.0,1,1.2000000000000002,3,0,0,306
922,2016,LIE,3,3,0.0,0.0,0.0,0.0,1,0.5,2,0,0,306
923,2016,LTU,67,49,3.0,1.0,0.0,4.0,1,25.200000000000003,35,0,0,306
924,2016,LUX,10,14,0.0,0.0,0.0,0.0,1,2.7,8,0,0,306
925,2016,MAD,6,6,0.0,0.0,0.0,0.0,1,0.8,2,0,0,306
926,2016,MAR,48,39,1.0,0.0,0.0,1.0,1,8.3,17,0,0,306
927,2016,MAS,32,29,1.0,4.0,0.0,5.0,1,23.675,19,1,0,306
928,2016,MAW,5,5,0.0,0.0,0.0,0.0,1,0.5,0,0,0,306
929,2016,MDA,23,22,0.0,0.0,0.0,0.0,1,3.7,9,0,0,306
930,2016,MDV,4,4,0.0,0.0,0.0,0.0,1,0.4,0,0,0,306
931,2016,MEX,122,80,2.0,3.0,0.0,5.0,1,38.6,38,2,0,306
932,2016,MGL,43,41,1.0,1.0,0.0,2.0,1,13.940000000000001,18,1,0,306
933,2016,MHL,5,5,0.0,0.0,0.0,0.0,1,0.6000000000000001,1,0,0,306
934,2016,MKD,6,6,0.0,0.0,0.0,0.0,1,0.6000000000000001,0,0,0,306
935,2016,MLI,6,6,0.0,0.0,0.0,0.0,1,0.7000000000000001,1,0,0,306
936,2016,MLT,7,8,0.0,0.0,0.0,0.0,1,1.3,3,0,0,306
937,2016,MNE,35,9,0.0,0.0,0.0,0.0,1,22.225,24,0,0,306
938,2016,MON,3,8,0.0,0.0,0.0,0.0,1,1.1,2,0,0,306
939,2016,MOZ,6,7,0.0,0.0,0.0,0.0,1,1.0,1,0,0,306
940,2016,MRI,11,11,0.0,0.0,0.0,0.0,1,1.3,2,0,0,306
941,2016,MTN,2,2,0.0,0.0,0.0,0.0,1,0.2,0,0,0,306
942,2016,MYA,7,8,0.0,0.0,0.0,0.0,1,0.8,0,0,0,306
943,2016,NAM,10,9,0.0,0.0,0.0,0.0,1,1.8,4,0,0,306
944,2016,NCA,5,5,0.0,0.0,0.0,0.0,1,0.6000000000000001,1,0,0,306
945,2016,NED,237,122,4.0,7.0,8.0,19.0,1,235.925,131,17,6,306
946,2016,NEP,7,7,0.0,0.0,0.0,0.0,1,0.7000000000000001,0,0,0,306
947,2016,NGR,71,36,1.0,0.0,0.0,1.0,1,27.25,40,0,0,306
948,2016,NIG,6,6,0.0,1.0,0.0,1.0,1,3.3000000000000003,1,0,0,306
949,2016,NOR,62,53,4.0,0.0,0.0,4.0,1,62.075,37,9,4,306
950,2016,NRU,2,2,0.0,0.0,0.0,0.0,1,0.2,0,0,0,306
951,2016,NZL,195,100,5.0,9.0,4.0,18.0,1,139.775,90,10,5,306
952,2016,OMA,4,4,0.0,0.0,0.0,0.0,1,0.5,1,0,0,306
953,2016,PAK,7,7,0.0,0.0,0.0,0.0,1,0.7000000000000001,0,0,0,306
954,2016,PAN,10,14,0.0,0.0,0.0,0.0,1,1.7000000000000002,2,0,0,306
955,2016,PAR,11,11,0.0,0.0,0.0,0.0,1,1.7,5,0,0,306
956,2016,PER,28,28,0.0,0.0,0.0,0.0,1,4.2,6,0,0,306
957,2016,PHI,13,13,0.0,1.0,0.0,1.0,1,4.300000000000001,3,0,0,306
958,2016,PLE,6,6,0.0,0.0,0.0,0.0,1,0.6000000000000001,0,0,0,306
959,2016,PLW,5,6,0.0,0.0,0.0,0.0,1,0.8,2,0,0,306
960,2016,PNG,8,8,0.0,0.0,0.0,0.0,1,1.3,3,0,0,306
961,2016,POL,234,144,6.0,3.0,2.0,11.0,1,77.3,110,6,1,306
962,2016,POR,90,61,1.0,0.0,0.0,1.0,1,19.8,39,0,0,306
963,2016,PRK,30,28,2.0,3.0,2.0,7.0,1,29.650000000000002,22,1,0,306
964,2016,PUR,40,27,0.0,0.0,1.0,1.0,1,11.35,9,0,0,306
965,2016,QAT,37,20,0.0,1.0,0.0,1.0,1,7.78,4,1,0,306
966,2016,ROT,10,12,0.0,0.0,0.0,0.0,1,1.2000000000000002,0,0,0,306
967,2016,ROU,95,62,2.0,1.0,1.0,4.0,1,51.625,50,1,0,306
968,2016,RSA,135,70,2.0,6.0,2.0,10.0,1,60.925000000000004,53,3,0,306
969,2016,RUS,284,181,20.0,17.0,19.0,56.0,1,409.355,214,24,10,306
970,2016,RWA,7,7,0.0,0.0,0.0,0.0,1,0.8,1,0,0,306
971,2016,SAM,8,9,0.0,0.0,0.0,0.0,1,0.9,0,0,0,306
972,2016,SEN,22,11,0.0,0.0,0.0,0.0,1,2.6,4,0,0,306
973,2016,SEY,10,10,0.0,0.0,0.0,0.0,1,1.3,3,0,0,306
974,2016,SGP,24,24,0.0,0.0,1.0,1.0,1,9.05,9,1,0,306
975,2016,SKN,6,4,0.0,0.0,0.0,0.0,1,1.6,5,0,0,306
976,2016,SLE,4,4,0.0,0.0,0.0,0.0,1,0.4,0,0,0,306
977,2016,SLO,63,45,1.0,2.0,1.0,4.0,1,17.8,30,0,0,306
978,2016,SMR,4,3,0.0,0.0,0.0,0.0,1,0.5,1,0,0,306
979,2016,SOL,3,3,0.0,0.0,0.0,0.0,1,0.4,1,0,0,306
980,2016,SOM,2,2,0.0,0.0,0.0,0.0,1,0.2,0,0,0,306
981,2016,SRB,103,56,2.0,4.0,2.0,8.0,1,159.0,84,9,0,306
982,2016,SRI,9,10,0.0,0.0,0.0,0.0,1,1.5,4,0,0,306
983,2016,SSD,3,3,0.0,0.0,0.0,0.0,1,0.4,1,0,0,306
984,2016,STP,3,3,0.0,0.0,0.0,0.0,1,0.30000000000000004,0,0,0,306
985,2016,SUD,6,6,0.0,0.0,0.0,0.0,1,0.7000000000000001,1,0,0,306
986,2016,SUI,102,80,2.0,2.0,3.0,7.0,1,48.1,38,2,0,306
987,2016,SUR,6,6,0.0,0.0,0.0,0.0,1,0.8,1,0,0,306
988,2016,SVK,51,49,0.0,2.0,2.0,4.0,1,32.96,27,1,0,306
989,2016,SWE,150,79,3.0,6.0,2.0,11.0,1,96.69000000000001,89,0,0,306
990,2016,SWZ,2,2,0.0,0.0,0.0,0.0,1,0.30000000000000004,1,0,0,306
991,2016,SYR,7,7,0.0,0.0,0.0,0.0,1,1.1,3,0,0,306
992,2016,TAN,7,5,0.0,0.0,0.0,0.0,1,0.8,1,0,0,306
993,2016,TGA,7,7,0.0,0.0,0.0,0.0,1,0.8,1,0,0,306
994,2016,THA,54,45,2.0,2.0,2.0,6.0,1,25.3,18,1,0,306
995,2016,TJK,7,7,0.0,0.0,1.0,1.0,1,2.125,1,0,0,306
996,2016,TKM,9,9,0.0,0.0,0.0,0.0,1,1.0,1,0,0,306
997,2016,TLS,3,3,0.0,0.0,0.0,0.0,1,0.30000000000000004,0,0,0,306
998,2016,TOG,5,5,0.0,0.0,0.0,0.0,1,0.6000000000000001,1,0,0,306
999,2016,TPE,55,46,2.0,0.0,1.0,3.0,1,16.35,21,1,0,306
1000,2016,TTO,28,24,1.0,0.0,0.0,1.0,1,24.6,27,4,0,306
1001,2016,TUN,61,47,3.0,0.0,0.0,3.0,1,17.0,28,1,0,306
1002,2016,TUR,100,88,4.0,3.0,1.0,8.0,1,32.975,41,3,0,306
1003,2016,TUV,1,1,0.0,0.0,0.0,0.0,1,0.1,0,0,0,306
1004,2016,UAE,12,11,1.0,0.0,0.0,1.0,1,2.15,2,0,0,306
1005,2016,UGA,21,14,0.0,0.0,0.0,0.0,1,5.05,4,0,0,306
1006,2016,UKR,204,142,4.0,5.0,2.0,11.0,1,83.675,109,3,1,306
1007,2016,URU,17,14,0.0,0.0,0.0,0.0,1,1.8,1,0,0,306
1008,2016,USA,555,245,38.0,37.0,46.0,121.0,1,1126.7,399,82,52,306
1009,2016,UZB,70,69,7.0,2.0,4.0,13.0,1,40.095,35,0,0,306
1010,2016,VAN,4,4,0.0,0.0,0.0,0.0,1,0.5,1,0,0,306
1011,2016,VEN,85,77,2.0,1.0,0.0,3.0,1,21.25,41,0,0,306
1012,2016,VIE,22,24,0.0,1.0,1.0,2.0,1,7.3,8,0,0,306
1013,2016,VIN,4,4,0.0,0.0,0.0,0.0,1,0.6,1,0,0,306
1014,2016,YEM,3,3,0.0,0.0,0.0,0.0,1,0.30000000000000004,0,0,0,306
1015,2016,ZAM,7,7,0.0,0.0,0.0,0.0,1,0.9,2,0,0,306
1016,2016,ZIM,30,13,0.0,0.0,0.0,0.0,1,9.33,6,2,1,306
1017,2020,AFG,5,5,0.0,0.0,0.0,0.0,1,0.5,0,0,0,339
1018,2020,ALB,9,10,0.0,0.0,0.0,0.0,1,1.0,0,0,0,339
1019,2020,ALG,41,43,0.0,0.0,0.0,0.0,1,4.5,0,0,0,339
1020,2020,AND,2,3,0.0,0.0,0.0,0.0,1,0.30000000000000004,0,0,0,339
1021,2020,ANG,20,6,0.0,0.0,0.0,0.0,1,2.0,0,0,0,339
1022,2020,ANT,6,6,0.0,0.0,0.0,0.0,1,0.6000000000000001,0,0,0,339
1023,2020,ARG,189,61,2.0,1.0,0.0,3.0,1,91.9,43,0,0,339
1024,2020,ARM,17,19,2.0,2.0,0.0,4.0,1,9.1,4,0,0,339
1025,2020,ARU,3,4,0.0,0.0,0.0,0.0,1,0.4,0,0,0,339
1026,2020,ASA,6,5,0.0,0.0,0.0,0.0,1,0.6000000000000001,0,0,0,339
1027,2020,AUS,489,193,22.0,7.0,17.0,46.0,1,361.7,131,0,0,339
1028,2020,AUT,76,70,5.0,1.0,1.0,7.0,1,22.0,7,0,0,339
1029,2020,AZE,44,51,4.0,3.0,0.0,7.0,1,17.2,7,0,0,339
1030,2020,BAH,16,12,0.0,0.0,2.0,2.0,1,11.2,2,0,0,339
1031,2020,BAN,6,7,0.0,0.0,0.0,0.0,1,0.8,0,0,0,339
1032,2020,BAR,8,9,0.0,0.0,0.0,0.0,1,0.9,0,0,0,339
1033,2020,BDI,6,7,0.0,0.0,0.0,0.0,1,0.7000000000000001,0,0,0,339
1034,2020,BEL,130,77,3.0,1.0,3.0,7.0,1,116.6,27,0,0,339
1035,2020,BEN,7,7,0.0,0.0,0.0,0.0,1,0.7000000000000001,0,0,0,339
1036,2020,BER,2,2,0.0,0.0,1.0,1.0,1,4.699999999999999,1,0,0,339
1037,2020,BHU,4,4,0.0,0.0,0.0,0.0,1,0.4,0,0,0,339
1038,2020,BIH,7,8,0.0,0.0,0.0,0.0,1,0.8,0,0,0,339
1039,2020,BIZ,3,4,0.0,0.0,0.0,0.0,1,0.4,0,0,0,339
1040,2020,BLR,103,89,3.0,3.0,1.0,7.0,1,37.1,10,0,0,339
1041,2020,BOL,5,5,0.0,0.0,0.0,0.0,1,0.5,0,0,0,339
1042,2020,BOT,14,9,1.0,0.0,0.0,1.0,1,7.0,6,0,0,339
1043,2020,BRA,319,142,8.0,6.0,7.0,21.0,1,226.1,55,0,0,339
1044,2020,BRN,32,14,0.0,1.0,0.0,1.0,1,6.1000000000000005,2,0,0,339
1045,2020,BRU,2,2,0.0,0.0,0.0,0.0,1,0.2,0,0,0,339
1046,2020,BUL,42,45,2.0,1.0,3.0,6.0,1,41.599999999999994,10,0,0,339
1047,2020,BUR,7,8,1.0,0.0,0.0,1.0,1,1.7,1,0,0,339
1048,2020,CAF,2,2,0.0,0.0,0.0,0.0,1,0.2,0,0,0,339
1049,2020,CAM,3,3,0.0,0.0,0.0,0.0,1,0.30000000000000004,0,0,0,339
1050,2020,CAN,386,182,11.0,6.0,7.0,24.0,1,276.8,85,0,0,339
1051,2020,CAY,5,9,0.0,0.0,0.0,0.0,1,0.9,0,0,0,339
1052,2020,CGO,3,3,0.0,0.0,0.0,0.0,1,0.30000000000000004,0,0,0,339
1053,2020,CHA,3,3,0.0,0.0,0.0,0.0,1,0.30000000000000004,0,0,0,339
1054,2020,CHI,57,34,0.0,0.0,0.0,0.0,1,6.300000000000001,0,0,0,339
1055,2020,CHN,417,210,18.0,32.0,38.0,88.0,1,484.9,141,0,0,339
1056,2020,CIV,31,11,1.0,0.0,0.0,1.0,1,4.1000000000000005,1,0,0,339
1057,2020,CMR,12,12,0.0,0.0,0.0,0.0,1,1.2000000000000002,0,0,0,339
1058,2020,COD,7,7,0.0,0.0,0.0,0.0,1,0.7000000000000001,0,0,0,339
1059,2020,COK,6,9,0.0,0.0,0.0,0.0,1,0.9,0,0,0,339
1060,2020,COL,69,56,1.0,4.0,0.0,5.0,1,19.400000000000002,5,0,0,339
1061,2020,COM,3,3,0.0,0.0,0.0,0.0,1,0.30000000000000004,0,0,0,339
1062,2020,CPV,6,6,0.0,0.0,0.0,0.0,1,0.6000000000000001,0,0,0,339
1063,2020,CRC,14,17,0.0,0.0,0.0,0.0,1,1.8,0,0,0,339
1064,2020,CRO,60,47,2.0,3.0,3.0,8.0,1,42.5,11,0,0,339
1065,2020,CUB,69,64,5.0,3.0,7.0,15.0,1,56.8,16,0,0,339
1066,2020,CYP,15,22,0.0,0.0,0.0,0.0,1,2.3000000000000003,0,0,0,339
1067,2020,CZE,115,89,3.0,4.0,4.0,11.0,1,52.0,13,0,0,339
1068,2020,DEN,108,63,4.0,4.0,3.0,11.0,1,101.10000000000001,33,0,0,339
1069,2020,DJI,4,5,0.0,0.0,0.0,0.0,1,0.5,0,0,0,339
1070,2020,DMA,2,2,0.0,0.0,0.0,0.0,1,0.2,0,0,0,339
1071,2020,DOM,66,31,2.0,3.0,0.0,5.0,1,48.300000000000004,32,0,0,339
1072,2020,ECU,47,35,0.0,1.0,2.0,3.0,1,16.9,3,0,0,339
1073,2020,EGY,140,94,4.0,1.0,1.0,6.0,1,30.3,6,0,0,339
1074,2020,EOR,29,30,0.0,0.0,0.0,0.0,1,3.5,0,0,0,339
1075,2020,ERI,13,10,0.0,0.0,0.0,0.0,1,1.4000000000000001,0,0,0,339
1076,2020,ESA,5,7,0.0,0.0,0.0,0.0,1,0.7000000000000001,0,0,0,339
1077,2020,ESP,334,146,6.0,8.0,3.0,17.0,1,199.60000000000002,71,0,0,339
1078,2020,EST,33,28,1.0,0.0,1.0,2.0,1,23.099999999999998,5,0,0,339
1079,2020,ETH,37,15,2.0,1.0,1.0,4.0,1,12.8,4,0,0,339
1080,2020,FIJ,32,8,1.0,0.0,1.0,2.0,1,73.39999999999999,26,0,0,339
1081,2020,FIN,45,37,2.0,0.0,0.0,2.0,1,6.7,2,0,0,339
1082,2020,FRA,396,194,11.0,12.0,10.0,33.0,1,490.3,141,0,0,339
1083,2020,FSM,3,3,0.0,0.0,0.0,0.0,1,0.30000000000000004,0,0,0,339
1084,2020,GAB,5,5,0.0,0.0,0.0,0.0,1,0.5,0,0,0,339
1085,2020,GAM,4,5,0.0,0.0,0.0,0.0,1,0.5,0,0,0,339
1086,2020,GBR,392,197,22.0,21.0,22.0,65.0,1,406.7,141,0,0,339
1087,2020,GBS,4,4,0.0,0.0,0.0,0.0,1,0.4,0,0,0,339
1088,2020,GEO,35,35,1.0,5.0,2.0,8.0,1,27.0,8,0,0,339
1089,2020,GEQ,3,3,0.0,0.0,0.0,0.0,1,0.30000000000000004,0,0,0,339
1090,2020,GER,415,206,16.0,11.0,10.0,37.0,1,255.0,81,0,0,339
1091,2020,GHA,14,11,1.0,0.0,0.0,1.0,1,2.5,1,0,0,339
1092,2020,GRE,82,58,1.0,1.0,2.0,4.0,1,55.0,16,0,0,339
1093,2020,GRN,6,6,1.0,0.0,0.0,1.0,1,1.5,1,0,0,339
1094,2020,GUA,24,17,0.0,0.0,0.0,0.0,1,2.4000000000000004,0,0,0,339
1095,2020,GUI,5,5,0.0,0.0,0.0,0.0,1,0.5,0,0,0,339
1096,2020,GUM,5,5,0.0,0.0,0.0,0.0,1,0.5,0,0,0,339
1097,2020,GUY,7,7,0.0,0.0,0.0,0.0,1,0.7000000000000001,0,0,0,339
1098,2020,HAI,6,6,0.0,0.0,0.0,0.0,1,0.6000000000000001,0,0,0,339
1099,2020,HKG,44,35,3.0,2.0,1.0,6.0,1,20.900000000000002,8,0,0,339
1100,2020,HON,27,7,0.0,0.0,0.0,0.0,1,2.8000000000000003,0,0,0,339
1101,2020,HUN,171,110,7.0,7.0,6.0,20.0,1,114.6,51,0,0,339
1102,2020,INA,28,23,3.0,1.0,1.0,5.0,1,17.9,6,0,0,339
1103,2020,IND,126,72,4.0,2.0,1.0,7.0,1,43.9,24,0,0,339
1104,2020,IRI,65,44,2.0,2.0,3.0,7.0,1,28.3,7,0,0,339
1105,2020,IRL,125,76,2.0,0.0,2.0,4.0,1,33.0,8,0,0,339
1106,2020,IRQ,3,3,0.0,0.0,0.0,0.0,1,0.30000000000000004,0,0,0,339
1107,2020,ISL,4,5,0.0,0.0,0.0,0.0,1,0.5,0,0,0,339
1108,2020,ISR,90,68,2.0,0.0,2.0,4.0,1,32.6,14,0,0,339
1109,2020,ISV,4,5,0.0,0.0,0.0,0.0,1,0.5,0,0,0,339
1110,2020,ITA,377,198,20.0,10.0,10.0,40.0,1,230.6,76,0,0,339
1111,2020,IVB,3,3,0.0,0.0,0.0,0.0,1,0.30000000000000004,0,0,0,339
1112,2020,JAM,61,32,4.0,1.0,4.0,9.0,1,61.8,21,0,0,339
1113,2020,JOR,14,15,1.0,1.0,0.0,2.0,1,5.1000000000000005,2,0,0,339
1114,2020,JPN,613,222,17.0,14.0,27.0,58.0,1,515.1999999999999,131,0,0,339
1115,2020,KAZ,97,82,8.0,0.0,0.0,8.0,1,18.8,8,0,0,339
1116,2020,KEN,87,26,2.0,4.0,4.0,10.0,1,39.5,10,0,0,339
1117,2020,KGZ,16,17,1.0,2.0,0.0,3.0,1,8.0,3,0,0,339
1118,2020,KIR,3,3,0.0,0.0,0.0,0.0,1,0.30000000000000004,0,0,0,339
1119,2020,KOR,237,120,10.0,4.0,6.0,20.0,1,131.0,38,0,0,339
1120,2020,KOS,11,11,0.0,0.0,2.0,2.0,1,10.1,2,0,0,339
1121,2020,KSA,33,12,0.0,1.0,0.0,1.0,1,6.000000000000001,1,0,0,339
1122,2020,KUW,10,8,1.0,0.0,0.0,1.0,1,1.9000000000000001,1,0,0,339
1123,2020,LAO,4,4,0.0,0.0,0.0,0.0,1,0.4,0,0,0,339
1124,2020,LAT,33,26,1.0,0.0,1.0,2.0,1,22.7,5,0,0,339
1125,2020,LBA,4,4,0.0,0.0,0.0,0.0,1,0.4,0,0,0,339
1126,2020,LBN,6,6,0.0,0.0,0.0,0.0,1,0.6000000000000001,0,0,0,339
1127,2020,LBR,3,3,0.0,0.0,0.0,0.0,1,0.4,0,0,0,339
1128,2020,LCA,5,5,0.0,0.0,0.0,0.0,1,0.5,0,0,0,339
1129,2020,LES,2,2,0.0,0.0,0.0,0.0,1,0.2,0,0,0,339
1130,2020,LIE,5,8,0.0,0.0,0.0,0.0,1,0.9,0,0,0,339
1131,2020,LTU,42,46,0.0,1.0,0.0,1.0,1,8.600000000000001,1,0,0,339
1132,2020,LUX,12,11,0.0,0.0,0.0,0.0,1,1.4000000000000001,0,0,0,339
1133,2020,MAD,6,6,0.0,0.0,0.0,0.0,1,0.6000000000000001,0,0,0,339
1134,2020,MAR,46,37,0.0,0.0,1.0,1.0,1,9.6,1,0,0,339
1135,2020,MAS,30,37,1.0,1.0,0.0,2.0,1,9.200000000000001,3,0,0,339
1136,2020,MAW,5,5,0.0,0.0,0.0,0.0,1,0.5,0,0,0,339
1137,2020,MDA,20,23,1.0,0.0,0.0,1.0,1,3.5,1,0,0,339
1138,2020,MDV,4,4,0.0,0.0,0.0,0.0,1,0.4,0,0,0,339
1139,2020,MEX,162,87,4.0,0.0,0.0,4.0,1,43.9,27,0,0,339
1140,2020,MGL,43,43,3.0,1.0,0.0,4.0,1,11.5,4,0,0,339
1141,2020,MHL,2,2,0.0,0.0,0.0,0.0,1,0.2,0,0,0,339
1142,2020,MKD,8,8,0.0,1.0,0.0,1.0,1,3.5000000000000004,1,0,0,339
1143,2020,MLI,4,4,0.0,0.0,0.0,0.0,1,0.4,0,0,0,339
1144,2020,MLT,6,8,0.0,0.0,0.0,0.0,1,0.8,0,0,0,339
1145,2020,MNE,35,9,0.0,0.0,0.0,0.0,1,3.5,0,0,0,339
1146,2020,MON,6,6,0.0,0.0,0.0,0.0,1,0.6000000000000001,0,0,0,339
1147,2020,MOZ,10,9,0.0,0.0,0.0,0.0,1,1.0,0,0,0,339
1148,2020,MRI,8,8,0.0,0.0,0.0,0.0,1,0.8,0,0,0,339
1149,2020,MTN,2,2,0.0,0.0,0.0,0.0,1,0.2,0,0,0,339
1150,2020,MYA,2,2,0.0,0.0,0.0,0.0,1,0.2,0,0,0,339
1151,2020,NAM,11,10,0.0,1.0,0.0,1.0,1,3.8000000000000007,1,0,0,339
1152,2020,NCA,8,8,0.0,0.0,0.0,0.0,1,0.8,0,0,0,339
1153,2020,NED,282,123,14.0,12.0,10.0,36.0,1,262.3,72,0,0,339
1154,2020,NEP,5,5,0.0,0.0,0.0,0.0,1,0.5,0,0,0,339
1155,2020,NGR,53,31,1.0,1.0,0.0,2.0,1,10.4,2,0,0,339
1156,2020,NIG,7,7,0.0,0.0,0.0,0.0,1,0.7000000000000001,0,0,0,339
1157,2020,NOR,93,60,2.0,2.0,4.0,8.0,1,53.5,23,0,0,339
1158,2020,NRU,2,2,0.0,0.0,0.0,0.0,1,0.2,0,0,0,339
1159,2020,NZL,228,90,7.0,6.0,7.0,20.0,1,241.2,65,0,0,339
1160,2020,OMA,4,5,0.0,0.0,0.0,0.0,1,0.5,0,0,0,339
1161,2020,PAK,10,9,0.0,0.0,0.0,0.0,1,1.0,0,0,0,339
1162,2020,PAN,10,11,0.0,0.0,0.0,0.0,1,1.1,0,0,0,339
1163,2020,PAR,8,9,0.0,0.0,0.0,0.0,1,0.9,0,0,0,339
1164,2020,PER,35,35,0.0,0.0,0.0,0.0,1,4.2,0,0,0,339
1165,2020,PHI,19,26,1.0,2.0,1.0,4.0,1,13.5,4,0,0,339
1166,2020,PLE,5,5,0.0,0.0,0.0,0.0,1,0.5,0,0,0,339
1167,2020,PLW,3,3,0.0,0.0,0.0,0.0,1,0.30000000000000004,0,0,0,339
1168,2020,PNG,8,8,0.0,0.0,0.0,0.0,1,0.8,0,0,0,339
1169,2020,POL,218,137,5.0,5.0,4.0,14.0,1,136.2,36,0,0,339
1170,2020,POR,93,65,2.0,1.0,1.0,4.0,1,21.75,5,0,0,339
1171,2020,PUR,37,24,0.0,0.0,1.0,1.0,1,8.4,1,0,0,339
1172,2020,QAT,16,15,1.0,0.0,2.0,3.0,1,12.5,4,0,0,339
1173,2020,ROC,341,202,23.0,28.0,20.0,71.0,1,481.8,149,0,0,339
1174,2020,ROU,104,57,0.0,3.0,1.0,4.0,1,39.800000000000004,9,0,0,339
1175,2020,RSA,181,73,0.0,2.0,1.0,3.0,1,31.0,3,0,0,339
1176,2020,RWA,5,5,0.0,0.0,0.0,0.0,1,0.5,0,0,0,339
1177,2020,SAM,8,11,0.0,0.0,0.0,0.0,1,1.3,0,0,0,339
1178,2020,SEN,9,9,0.0,0.0,0.0,0.0,1,0.9,0,0,0,339
1179,2020,SEY,5,6,0.0,0.0,0.0,0.0,1,0.6000000000000001,0,0,0,339
1180,2020,SGP,22,23,0.0,0.0,0.0,0.0,1,3.0,0,0,0,339
1181,2020,SKN,2,2,0.0,0.0,0.0,0.0,1,0.2,0,0,0,339
1182,2020,SLE,4,4,0.0,0.0,0.0,0.0,1,0.4,0,0,0,339
1183,2020,SLO,53,43,1.0,1.0,3.0,5.0,1,23.5,5,0,0,339
1184,2020,SMR,5,7,2.0,1.0,0.0,3.0,1,8.0,4,0,0,339
1185,2020,SOL,3,3,0.0,0.0,0.0,0.0,1,0.30000000000000004,0,0,0,339
1186,2020,SOM,2,2,0.0,0.0,0.0,0.0,1,0.2,0,0,0,339
1187,2020,SRB,87,47,5.0,1.0,3.0,9.0,1,98.3,35,0,0,339
1188,2020,SRI,9,13,0.0,0.0,0.0,0.0,1,1.3,0,0,0,339
1189,2020,SSD,2,2,0.0,0.0,0.0,0.0,1,0.2,0,0,0,339
1190,2020,STP,3,3,0.0,0.0,0.0,0.0,1,0.5,0,0,0,339
1191,2020,SUD,5,5,0.0,0.0,0.0,0.0,1,0.5,0,0,0,339
1192,2020,SUI,116,96,6.0,4.0,3.0,13.0,1,52.900000000000006,15,0,0,339
1193,2020,SUR,3,5,0.0,0.0,0.0,0.0,1,0.5,0,0,0,339
1194,2020,SVK,41,42,1.0,2.0,1.0,4.0,1,19.1,7,0,0,339
1195,2020,SWE,136,77,0.0,6.0,3.0,9.0,1,119.9,34,0,0,339
1196,2020,SWZ,4,4,0.0,0.0,0.0,0.0,1,0.4,0,0,0,339
1197,2020,SYR,6,6,1.0,0.0,0.0,1.0,1,1.5,1,0,0,339
1198,2020,TAN,3,2,0.0,0.0,0.0,0.0,1,0.30000000000000004,0,0,0,339
1199,2020,TGA,6,6,0.0,0.0,0.0,0.0,1,0.6000000000000001,0,0,0,339
1200,2020,THA,41,33,1.0,0.0,1.0,2.0,1,10.2,2,0,0,339
1201,2020,TJK,10,10,0.0,0.0,0.0,0.0,1,1.0,0,0,0,339
1202,2020,TKM,9,10,0.0,1.0,0.0,1.0,1,3.7,1,0,0,339
1203,2020,TLS,3,3,0.0,0.0,0.0,0.0,1,0.30000000000000004,0,0,0,339
1204,2020,TOG,4,4,0.0,0.0,0.0,0.0,1,0.4,0,0,0,339
1205,2020,TPE,68,61,6.0,4.0,2.0,12.0,1,47.7,16,0,0,339
1206,2020,TTO,33,25,0.0,0.0,0.0,0.0,1,4.4,0,0,0,339
1207,2020,TUN,63,50,0.0,1.0,1.0,2.0,1,14.5,2,0,0,339
1208,2020,TUR,107,94,9.0,2.0,2.0,13.0,1,36.4,13,0,0,339
1209,2020,TUV,2,2,0.0,0.0,0.0,0.0,1,0.2,0,0,0,339
1210,2020,UAE,5,5,0.0,0.0,0.0,0.0,1,0.5,0,0,0,339
1211,2020,UGA,25,18,1.0,1.0,2.0,4.0,1,15.4,4,0,0,339
1212,2020,UKR,153,121,12.0,6.0,1.0,19.0,1,64.8,29,0,0,339
1213,2020,URU,11,9,0.0,0.0,0.0,0.0,1,1.1,0,0,0,339
1214,2020,USA,633,245,33.0,41.0,39.0,113.0,1,958.6,298,0,0,339
1215,2020,UZB,67,69,2.0,0.0,3.0,5.0,1,23.8,5,0,0,339
1216,2020,VAN,3,3,0.0,0.0,0.0,0.0,1,0.30000000000000004,0,0,0,339
1217,2020,VEN,43,35,0.0,3.0,1.0,4.0,1,17.3,4,0,0,339
1218,2020,VIE,18,21,0.0,0.0,0.0,0.0,1,2.3000000000000003,0,0,0,339
1219,2020,VIN,3,3,0.0,0.0,0.0,0.0,1,0.30000000000000004,0,0,0,339
1220,2020,YEM,5,6,0.0,0.0,0.0,0.0,1,0.6000000000000001,0,0,0,339
1221,2020,ZAM,30,10,0.0,0.0,0.0,0.0,1,3.1,0,0,0,339
1222,2020,ZIM,5,5,0.0,0.0,0.0,0.0,1,0.5,0,0,0,339
1223,2024,AFG,6,6,0.0,0.0,0.0,0.0,1,1.0,3,0,0,329
1224,2024,AIN,32,30,1.0,3.0,1.0,5.0,1,24.05,15,1,1,329
1225,2024,ALB,8,9,2.0,0.0,0.0,2.0,1,2.8,3,0,0,329
1226,2024,ALG,46,47,1.0,0.0,2.0,3.0,1,15.899999999999999,8,0,0,329
1227,2024,AND,2,4,0.0,0.0,0.0,0.0,1,0.4,0,0,0,329
1228,2024,ANG,25,10,0.0,0.0,0.0,0.0,1,2.6,0,0,0,329
1229,2024,ANT,5,5,0.0,0.0,0.0,0.0,1,0.7000000000000001,2,0,0,329
1230,2024,ARG,143,41,1.0,1.0,1.0,3.0,1,40.7,29,0,0,329
1231,2024,ARM,15,16,1.0,3.0,0.0,4.0,1,12.200000000000001,8,2,0,329
1232,2024,ARU,6,7,0.0,0.0,0.0,0.0,1,0.8,1,0,0,329
1233,2024,ASA,2,2,0.0,0.0,0.0,0.0,1,0.30000000000000004,1,0,0,329
1234,2024,AUS,474,205,16.0,18.0,18.0,52.0,1,378.6,195,7,4,329
1235,2024,AUT,84,76,3.0,0.0,2.0,5.0,1,35.95,32,1,0,329
1236,2024,AZE,48,41,3.0,2.0,2.0,7.0,1,22.75,18,0,0,329
1237,2024,BAH,19,13,0.0,0.0,0.0,0.0,1,7.0,4,0,0,329
1238,2024,BAN,5,5,0.0,0.0,0.0,0.0,1,0.5,0,0,0,329
1239,2024,BAR,4,4,0.0,0.0,0.0,0.0,1,0.6000000000000001,2,0,0,329
1240,2024,BDI,7,7,0.0,0.0,0.0,0.0,1,0.8,0,0,0,329
1241,2024,BEL,177,93,5.0,1.0,3.0,9.0,1,50.35,55,2,1,329
1242,2024,BEN,5,5,0.0,0.0,0.0,0.0,1,0.7000000000000001,2,0,0,329
1243,2024,BER,8,7,0.0,0.0,0.0,0.0,1,3.25,2,0,0,329
1244,2024,BHU,3,3,0.0,0.0,0.0,0.0,1,0.4,1,0,0,329
1245,2024,BIH,5,6,0.0,0.0,0.0,0.0,1,0.9,3,0,0,329
1246,2024,BIZ,1,1,0.0,0.0,0.0,0.0,1,0.2,1,0,0,329
1247,2024,BOL,4,4,0.0,0.0,0.0,0.0,1,0.4,0,0,0,329
1248,2024,BOT,14,9,0.0,1.0,1.0,2.0,1,22.6,7,0,0,329
1249,2024,BRA,289,146,10.0,7.0,3.0,20.0,1,177.85000000000002,137,5,0,329
1250,2024,BRN,14,13,1.0,1.0,2.0,4.0,1,14.3,6,0,0,329
1251,2024,BRU,3,3,0.0,0.0,0.0,0.0,1,0.30000000000000004,0,0,0,329
1252,2024,BUL,46,53,3.0,1.0,3.0,7.0,1,25.55,15,0,0,329
1253,2024,BUR,8,8,0.0,0.0,0.0,0.0,1,1.45,2,0,0,329
1254,2024,CAF,4,4,0.0,0.0,0.0,0.0,1,0.4,0,0,0,329
1255,2024,CAM,3,3,0.0,0.0,0.0,0.0,1,0.30000000000000004,0,0,0,329
1256,2024,CAN,332,172,11.0,7.0,9.0,27.0,1,217.65,135,1,0,329
1257,2024,CAY,4,5,0.0,0.0,0.0,0.0,1,0.5,0,0,0,329
1258,2024,CGO,4,4,0.0,0.0,0.0,0.0,1,0.5,1,0,0,329
1259,2024,CHA,3,3,0.0,0.0,0.0,0.0,1,0.4,1,0,0,329
1260,2024,CHI,48,34,0.0,1.0,1.0,2.0,1,10.4,16,0,0,329
1261,2024,CHN,396,211,24.0,27.0,40.0,91.0,1,610.05,246,29,13,329
1262,2024,CIV,13,11,1.0,0.0,0.0,1.0,1,3.6500000000000004,6,0,0,329
1263,2024,CMR,6,6,0.0,0.0,0.0,0.0,1,0.7000000000000001,1,0,0,329
1264,2024,COD,6,6,0.0,0.0,0.0,0.0,1,0.6000000000000001,0,0,0,329
1265,2024,COK,2,2,0.0,0.0,0.0,0.0,1,0.30000000000000004,1,0,0,329
1266,2024,COL,88,61,1.0,3.0,0.0,4.0,1,25.400000000000002,18,0,0,329
1267,2024,COM,4,5,0.0,0.0,0.0,0.0,1,0.5,0,0,0,329
1268,2024,CPV,7,7,1.0,0.0,0.0,1.0,1,1.6,1,0,0,329
1269,2024,CRC,6,6,0.0,0.0,0.0,0.0,1,0.8,2,0,0,329
1270,2024,CRO,73,43,3.0,2.0,2.0,7.0,1,62.25000000000001,37,0,0,329
1271,2024,CUB,61,52,6.0,1.0,2.0,9.0,1,27.55,27,1,1,329
1272,2024,CYP,15,23,0.0,1.0,0.0,1.0,1,6.1000000000000005,12,0,0,329
1273,2024,CZE,111,94,2.0,0.0,3.0,5.0,1,41.75,36,0,0,329
1274,2024,DEN,128,60,5.0,2.0,2.0,9.0,1,128.75,53,3,2,329
1275,2024,DJI,7,6,0.0,0.0,0.0,0.0,1,0.7000000000000001,0,0,0,329
1276,2024,DMA,4,4,0.0,0.0,1.0,1.0,1,2.85,2,0,0,329
1277,2024,DOM,59,27,2.0,0.0,1.0,3.0,1,13.200000000000001,7,1,0,329
1278,2024,ECU,40,32,2.0,2.0,1.0,5.0,1,18.45,21,0,0,329
1279,2024,EGY,155,89,1.0,1.0,1.0,3.0,1,32.7,40,1,0,329
1280,2024,EOR,37,39,1.0,0.0,0.0,1.0,1,6.2,10,0,0,329
1281,2024,ERI,11,9,0.0,0.0,0.0,0.0,1,1.2000000000000002,0,0,0,329
1282,2024,ESA,8,9,0.0,0.0,0.0,0.0,1,1.0,1,0,0,329
1283,2024,ESP,400,150,9.0,4.0,5.0,18.0,1,291.0,163,0,0,329
1284,2024,EST,24,21,0.0,0.0,0.0,0.0,1,3.7,11,0,0,329
1285,2024,ETH,33,13,0.0,3.0,1.0,4.0,1,20.0,15,0,0,329
1286,2024,FIJ,36,11,0.0,1.0,0.0,1.0,1,41.400000000000006,14,0,0,329
1287,2024,FIN,57,46,0.0,0.0,0.0,0.0,1,8.55,19,0,0,329
1288,2024,FRA,601,223,22.0,26.0,16.0,64.0,1,627.1,296,18,6,329
1289,2024,FSM,3,3,0.0,0.0,0.0,0.0,1,0.4,1,0,0,329
1290,2024,GAB,5,5,0.0,0.0,0.0,0.0,1,0.5,0,0,0,329
1291,2024,GAM,7,8,0.0,0.0,0.0,0.0,1,0.9,1,0,0,329
1292,2024,GBR,343,174,28.0,22.0,13.0,63.0,1,436.7,240,13,3,329
1293,2024,GBS,6,6,0.0,0.0,0.0,0.0,1,0.8,2,0,0,329
1294,2024,GEO,28,30,1.0,3.0,3.0,7.0,1,31.200000000000003,17,2,1,329
1295,2024,GEQ,3,3,0.0,0.0,0.0,0.0,1,0.30000000000000004,0,0,0,329
1296,2024,GER,457,196,8.0,12.0,11.0,31.0,1,351.2,218,5,3,329
1297,2024,GHA,9,5,0.0,0.0,0.0,0.0,1,1.1,0,0,0,329
1298,2024,GRE,100,54,6.0,1.0,1.0,8.0,1,32.9,30,2,1,329
1299,2024,GRN,6,6,2.0,0.0,0.0,2.0,1,2.25,3,0,0,329
1300,2024,GUA,16,14,1.0,0.0,1.0,2.0,1,5.25,6,0,0,329
1301,2024,GUI,25,7,0.0,0.0,0.0,0.0,1,2.6,1,0,0,329
1302,2024,GUM,7,9,0.0,0.0,0.0,0.0,1,1.1,2,0,0,329
1303,2024,GUY,5,5,0.0,0.0,0.0,0.0,1,0.8,3,0,0,329
1304,2024,HAI,7,12,0.0,0.0,0.0,0.0,1,1.2000000000000002,0,0,0,329
1305,2024,HKG,34,32,2.0,0.0,2.0,4.0,1,20.150000000000002,11,3,1,329
1306,2024,HON,4,4,0.0,0.0,0.0,0.0,1,0.5,1,0,0,329
1307,2024,HUN,177,114,5.0,7.0,6.0,18.0,1,118.2,72,9,0,329
1308,2024,INA,29,25,1.0,0.0,2.0,3.0,1,14.2,9,0,0,329
1309,2024,IND,112,63,5.0,1.0,0.0,6.0,1,38.85,40,1,0,329
1310,2024,IRI,41,38,3.0,6.0,3.0,12.0,1,37.85,21,3,0,329
1311,2024,IRL,143,75,2.0,0.0,3.0,5.0,1,39.3,33,0,0,329
1312,2024,IRQ,23,5,0.0,0.0,0.0,0.0,1,2.3000000000000003,0,0,0,329
1313,2024,ISL,5,7,0.0,0.0,0.0,0.0,1,1.0,3,0,0,329
1314,2024,ISR,89,68,1.0,5.0,1.0,7.0,1,51.050000000000004,51,1,0,329
1315,2024,ISV,5,5,0.0,0.0,0.0,0.0,1,0.7000000000000001,2,0,0,329
1316,2024,ITA,397,205,13.0,11.0,12.0,36.0,1,309.85,183,7,0,329
1317,2024,IVB,4,4,0.0,0.0,0.0,0.0,1,0.5,1,0,0,329
1318,2024,JAM,65,31,2.0,3.0,1.0,6.0,1,26.35,21,0,0,329
1319,2024,JOR,12,13,0.0,1.0,0.0,1.0,1,5.55,3,0,0,329
1320,2024,JPN,430,166,13.0,12.0,20.0,45.0,1,322.05,175,17,3,329
1321,2024,KAZ,79,82,3.0,3.0,1.0,7.0,1,28.55,29,1,0,329
1322,2024,KEN,74,24,5.0,2.0,4.0,11.0,1,42.25,16,1,1,329
1323,2024,KGZ,16,17,4.0,2.0,0.0,6.0,1,14.400000000000002,11,3,0,329
1324,2024,KIR,3,3,0.0,0.0,0.0,0.0,1,0.30000000000000004,0,0,0,329
1325,2024,KOR,147,104,10.0,9.0,13.0,32.0,1,187.70000000000002,106,6,4,329
1326,2024,KOS,9,9,1.0,1.0,0.0,2.0,1,7.050000000000001,5,0,0,329
1327,2024,KSA,8,7,0.0,0.0,0.0,0.0,1,1.1,0,0,0,329
1328,2024,KUW,9,9,0.0,0.0,0.0,0.0,1,1.0,1,0,0,329
1329,2024,LAO,4,4,0.0,0.0,0.0,0.0,1,0.5,1,0,0,329
1330,2024,LAT,29,23,0.0,0.0,0.0,0.0,1,4.0,8,0,0,329
1331,2024,LBA,6,6,0.0,0.0,0.0,0.0,1,0.6000000000000001,0,0,0,329
1332,2024,LBN,9,9,0.0,0.0,0.0,0.0,1,1.2000000000000002,1,0,0,329
1333,2024,LBR,8,5,0.0,0.0,0.0,0.0,1,1.3,3,0,0,329
1334,2024,LCA,4,5,0.0,1.0,1.0,2.0,1,7.699999999999999,2,0,0,329
1335,2024,LES,3,3,0.0,0.0,0.0,0.0,1,0.30000000000000004,0,0,0,329
1336,2024,LIE,1,1,0.0,0.0,0.0,0.0,1,0.1,0,0,0,329
1337,2024,LTU,51,42,2.0,2.0,0.0,4.0,1,19.25,24,0,0,329
1338,2024,LUX,13,12,0.0,0.0,0.0,0.0,1,1.8,5,0,0,329
1339,2024,MAD,7,7,0.0,0.0,0.0,0.0,1,0.7000000000000001,0,0,0,329
1340,2024,MAR,61,35,1.0,0.0,1.0,2.0,1,29.8,29,1,1,329
1341,2024,MAS,26,23,2.0,0.0,0.0,2.0,1,7.6000000000000005,10,0,0,329
1342,2024,MAW,3,3,0.0,0.0,0.0,0.0,1,0.5,2,0,0,329
1343,2024,MDA,26,27,3.0,1.0,0.0,4.0,1,9.1,17,1,0,329
1344,2024,MDV,5,4,0.0,0.0,0.0,0.0,1,0.6000000000000001,1,0,0,329
1345,2024,MEX,108,83,2.0,3.0,0.0,5.0,1,31.750000000000004,45,0,0,329
1346,2024,MGL,32,37,0.0,1.0,0.0,1.0,1,8.9,15,0,0,329
1347,2024,MHL,4,4,0.0,0.0,0.0,0.0,1,0.4,0,0,0,329
1348,2024,MKD,6,6,0.0,0.0,0.0,0.0,1,0.6000000000000001,0,0,0,329
1349,2024,MLI,24,6,0.0,0.0,0.0,0.0,1,2.4000000000000004,0,0,0,329
1350,2024,MLT,5,5,0.0,0.0,0.0,0.0,1,0.6000000000000001,1,0,0,329
1351,2024,MNE,19,7,0.0,0.0,0.0,0.0,1,1.9000000000000001,0,0,0,329
1352,2024,MON,6,6,0.0,0.0,0.0,0.0,1,0.8,2,0,0,329
1353,2024,MOZ,7,7,0.0,0.0,0.0,0.0,1,0.7000000000000001,0,0,0,329
1354,2024,MRI,12,12,0.0,0.0,0.0,0.0,1,1.4000000000000001,2,0,0,329
1355,2024,MTN,2,2,0.0,0.0,0.0,0.0,1,0.2,0,0,0,329
1356,2024,MYA,2,2,0.0,0.0,0.0,0.0,1,0.30000000000000004,1,0,0,329
1357,2024,NAM,4,4,0.0,0.0,0.0,0.0,1,0.7000000000000001,3,0,0,329
1358,2024,NCA,7,7,0.0,0.0,0.0,0.0,1,0.9,2,0,0,329
1359,2024,NED,288,132,12.0,7.0,15.0,34.0,1,460.15,189,7,1,329
1360,2024,NEP,7,6,0.0,0.0,0.0,0.0,1,0.8,1,0,0,329
1361,2024,NGR,86,40,0.0,0.0,0.0,0.0,1,12.9,8,0,0,329
1362,2024,NIG,7,7,0.0,0.0,0.0,0.0,1,0.8,1,0,0,329
1363,2024,NOR,109,58,3.0,1.0,4.0,8.0,1,110.05,45,1,0,329
1364,2024,NRU,1,1,0.0,0.0,0.0,0.0,1,0.1,0,0,0,329
1365,2024,NZL,208,100,3.0,7.0,10.0,20.0,1,196.5,72,5,1,329
1366,2024,OMA,4,4,0.0,0.0,0.0,0.0,1,0.6000000000000001,2,0,0,329
1367,2024,PAK,7,9,0.0,0.0,1.0,1.0,1,3.5500000000000003,3,0,0,329
1368,2024,PAN,8,13,0.0,1.0,0.0,1.0,1,4.2,3,0,0,329
1369,2024,PAR,29,10,0.0,0.0,0.0,0.0,1,3.2,3,0,0,329
1370,2024,PER,26,21,1.0,0.0,0.0,1.0,1,5.300000000000001,13,0,0,329
1371,2024,PHI,22,31,2.0,0.0,2.0,4.0,1,11.8,13,0,0,329
1372,2024,PLE,8,8,0.0,0.0,0.0,0.0,1,0.8,0,0,0,329
1373,2024,PLW,3,3,0.0,0.0,0.0,0.0,1,0.30000000000000004,0,0,0,329
1374,2024,PNG,7,7,0.0,0.0,0.0,0.0,1,0.8,1,0,0,329
1375,2024,POL,226,134,5.0,4.0,1.0,10.0,1,98.10000000000001,80,0,0,329
1376,2024,POR,75,65,1.0,2.0,1.0,4.0,1,30.85,41,1,0,329
1377,2024,PRK,14,16,4.0,2.0,0.0,6.0,1,16.200000000000003,8,0,0,329
1378,2024,PUR,51,30,2.0,0.0,0.0,2.0,1,10.4,7,1,0,329
1379,2024,QAT,13,10,1.0,0.0,0.0,1.0,1,5.199999999999999,3,1,0,329
1380,2024,ROU,96,57,2.0,4.0,3.0,9.0,1,88.3,38,0,0,329
1381,2024,RSA,141,66,2.0,3.0,1.0,6.0,1,52.25,53,0,0,329
1382,2024,RWA,7,8,0.0,0.0,0.0,0.0,1,0.8,0,0,0,329
1383,2024,SAM,24,13,0.0,0.0,0.0,0.0,1,2.6,2,0,0,329
1384,2024,SEN,11,13,0.0,0.0,0.0,0.0,1,1.6,3,0,0,329
1385,2024,SEY,3,3,0.0,0.0,0.0,0.0,1,0.30000000000000004,0,0,0,329
1386,2024,SGP,23,24,1.0,0.0,0.0,1.0,1,4.7,7,0,0,329
1387,2024,SKN,3,3,0.0,0.0,0.0,0.0,1,0.30000000000000004,0,0,0,329
1388,2024,SLE,4,4,0.0,0.0,0.0,0.0,1,0.5,1,0,0,329
1389,2024,SLO,94,54,0.0,1.0,2.0,3.0,1,24.8,17,0,0,329
1390,2024,SMR,5,5,0.0,0.0,0.0,0.0,1,1.6,2,0,0,329
1391,2024,SOL,2,2,0.0,0.0,0.0,0.0,1,0.2,0,0,0,329
1392,2024,SOM,1,1,0.0,0.0,0.0,0.0,1,0.1,0,0,0,329
1393,2024,SRB,114,47,1.0,1.0,3.0,5.0,1,95.5,45,0,0,329
1394,2024,SRI,6,6,0.0,0.0,0.0,0.0,1,0.6000000000000001,0,0,0,329
1395,2024,SSD,14,3,0.0,0.0,0.0,0.0,1,1.4000000000000001,0,0,0,329
1396,2024,STP,3,3,0.0,0.0,0.0,0.0,1,0.30000000000000004,0,0,0,329
1397,2024,SUD,4,4,0.0,0.0,0.0,0.0,1,0.4,0,0,0,329
1398,2024,SUI,137,94,5.0,2.0,1.0,8.0,1,46.900000000000006,51,0,0,329
1399,2024,SUR,5,6,0.0,0.0,0.0,0.0,1,0.9,3,0,0,329
1400,2024,SVK,28,31,1.0,0.0,0.0,1.0,1,7.950000000000001,11,0,0,329
1401,2024,SWE,125,81,3.0,4.0,4.0,11.0,1,75.65,50,2,1,329
1402,2024,SWZ,3,3,0.0,0.0,0.0,0.0,1,0.30000000000000004,0,0,0,329
1403,2024,SYR,6,10,0.0,0.0,0.0,0.0,1,1.0,0,0,0,329
1404,2024,TAN,7,5,0.0,0.0,0.0,0.0,1,0.9,2,0,0,329
1405,2024,TGA,4,4,0.0,0.0,0.0,0.0,1,0.5,1,0,0,329
1406,2024,THA,52,45,2.0,3.0,1.0,6.0,1,22.0,14,1,1,329
1407,2024,TJK,14,14,3.0,0.0,0.0,3.0,1,3.85,4,0,0,329
1408,2024,TKM,6,6,0.0,0.0,0.0,0.0,1,0.6000000000000001,0,0,0,329
1409,2024,TLS,4,4,0.0,0.0,0.0,0.0,1,0.5,1,0,0,329
1410,2024,TOG,5,5,0.0,0.0,0.0,0.0,1,0.5,0,0,0,329
1411,2024,TPE,60,47,5.0,0.0,2.0,7.0,1,32.8,22,1,0,329
1412,2024,TTO,17,12,0.0,0.0,0.0,0.0,1,3.2,9,0,0,329
1413,2024,TUN,26,29,1.0,1.0,1.0,3.0,1,12.65,11,1,0,329
1414,2024,TUR,101,85,5.0,3.0,0.0,8.0,1,41.900000000000006,47,1,0,329
1415,2024,TUV,2,2,0.0,0.0,0.0,0.0,1,0.30000000000000004,1,0,0,329
1416,2024,UAE,13,12,0.0,0.0,0.0,0.0,1,1.7000000000000002,1,0,0,329
1417,2024,UGA,25,16,0.0,1.0,1.0,2.0,1,15.4,10,2,0,329
1418,2024,UKR,141,101,4.0,5.0,3.0,12.0,1,75.3,62,4,0,329
1419,2024,URU,27,13,0.0,0.0,0.0,0.0,1,3.1,4,0,0,329
1420,2024,USA,619,234,41.0,42.0,39.0,122.0,1,1057.2,435,30,5,329
1421,2024,UZB,88,68,3.0,2.0,8.0,13.0,1,55.3,29,1,1,329
1422,2024,VAN,6,6,0.0,0.0,0.0,0.0,1,0.7000000000000001,1,0,0,329
1423,2024,VEN,31,32,0.0,0.0,0.0,0.0,1,4.3,6,0,0,329
1424,2024,VIE,15,19,0.0,0.0,0.0,0.0,1,2.5,5,0,0,329
1425,2024,VIN,4,4,0.0,0.0,0.0,0.0,1,0.5,1,0,0,329
1426,2024,YEM,4,4,0.0,0.0,0.0,0.0,1,0.4,0,0,0,329
1427,2024,ZAM,31,8,1.0,0.0,0.0,1.0,1,4.1,1,0,0,329
1428,2024,ZIM,7,6,0.0,0.0,0.0,0.0,1,0.7000000000000001,0,0,0,329
